"ORDER_CREATED_TIME","ACTUAL_PICKUP_TIME","ACTUAL_DELIVERY_TIME","STORE_NAME","TOTAL_ITEM_COUNT","SUBTOTAL_IN_CENTS","ORDER_STATUS"
"2022-10-05 20:47:03.358552000","2022-10-05 20:53:11.113919000","2022-10-05 21:51:25.793077000","Jersey Mike's Subs (3215)",3,1660.000000000000,"Order Delivered"
"2022-10-05 22:33:35.503486000","2022-10-05 22:49:43.062552000","2022-10-05 22:56:42.714793000","Marco's Pizza (8403)",3,2187.000000000000,"Order Delivered"
"2022-10-05 22:39:04.396614000","2022-10-05 23:25:30.277841000","2022-10-05 23:49:43.906748000","Cold Stone Creamery (21465)",1,1365.000000000000,"Order Delivered"
"2022-10-05 22:45:28.043177000","2022-10-05 23:08:12.415273000","2022-10-05 23:18:34.043056000","Glory Days Grill (Apex)",1,1455.000000000000,"Order Delivered"
"2022-10-05 23:44:10.252794000","2022-10-06 00:13:08.385112000","2022-10-06 00:20:51.522986000","Wendy's (9396)",2,2435.000000000000,"Order Delivered"
"2022-10-06 14:05:37.992808000","2022-10-06 14:33:08.347259000","2022-10-06 14:43:03.682798000","Jersey Mike's Subs (3028)",2,1318.000000000000,"Order Delivered"
"2022-10-06 14:11:40.952095000","2022-10-06 14:23:12.678486000","2022-10-06 14:31:41.407294000","Chick-fil-A (01588)",1,954.000000000000,"Order Delivered"
"2022-10-06 14:35:49.069095000","2022-10-06 14:51:34.094538000","2022-10-06 15:02:28.944735000","McDonald's (39539 - APEX RELO-E WILLIAMS AND JAMES)",4,1279.000000000000,"Order Delivered"
"2022-10-06 15:10:08.508007000","2022-10-06 15:27:55.544668000","2022-10-06 15:36:41.625114000","Chick-fil-A (01588)",3,897.000000000000,"Order Delivered"
"2022-10-06 15:27:35.182264000","2022-10-06 15:43:55.235218000","2022-10-06 16:00:29.982857000","Five Guys NC-1797",3,2553.000000000000,"Order Delivered"
"2022-10-06 15:52:32.451281000","2022-10-06 16:03:38.408064000","2022-10-06 16:30:33.285123000","Sweetberry Bowls (Holly Springs Rd)",2,2200.000000000000,"Order Delivered"
"2022-10-06 16:22:06.465766000","2022-10-06 16:47:05.371689000","2022-10-06 17:04:34.113906000","Sushi Iwa (Creekside Landing Dr)",2,3390.000000000000,"Order Delivered"
"2022-10-06 16:39:18.313680000","2022-10-06 17:11:27.002188000","2022-10-06 17:25:20.636497000","Esmeralda Grill (Chatham St)-",3,1593.000000000000,"Order Delivered"
"2022-10-06 16:44:07.481874000","2022-10-06 17:11:33.010004000","2022-10-06 17:44:49.015755000","Esmeralda Grill (Chatham St)-",1,1970.000000000000,"Order Delivered"
"2022-10-06 21:36:37.431534000","2022-10-06 21:49:35.591220000","2022-10-06 21:56:33.598090000","Marco's Pizza (8403)",1,1249.000000000000,"Order Delivered"
"2022-10-06 21:53:26.022097000","2022-10-06 22:09:46.033670000","2022-10-06 22:38:05.159053000","Panda Express (1352)",3,1440.000000000000,"Order Delivered"
"2022-10-06 22:22:31.630145000","2022-10-06 22:49:03.223797000","2022-10-06 23:00:45.271643000","Chick-fil-A (02181)",3,1869.000000000000,"Order Delivered"
"2022-10-06 23:05:16.273325000","2022-10-06 23:20:24.062846000","2022-10-06 23:31:39.285615000","McDonald's (39539 - APEX RELO-E WILLIAMS AND JAMES)",21,3894.000000000000,"Order Delivered"
"2022-10-06 23:43:03.309291000","2022-10-06 23:57:31.761616000","2022-10-07 00:04:56.720887000","Sushi Iwa (Creekside Landing Dr)",2,3990.000000000000,"Order Delivered"
"2022-10-07 00:07:42.334458000","2022-10-07 00:23:40.727528000","2022-10-07 00:28:07.794426000","Mr Dumpling (Apex Peakway)",2,1990.000000000000,"Order Delivered"
"2022-10-07 13:54:08.187282000","2022-10-07 14:14:33.662682000","2022-10-07 14:22:47.723121000","McDonald's (27548-MILLPOND VILLAGE)",9,564.000000000000,"Order Delivered"
"2022-10-07 14:26:45.928801000","2022-10-07 14:34:10.859712000","2022-10-07 14:46:24.591840000","Dunkin' (347837)",3,2308.000000000000,"Order Delivered"
"2022-10-07 14:48:42.168956000","2022-10-07 15:16:08.528945000","2022-10-07 15:23:13.115694000","Taco Bell (19917)",3,1375.000000000000,"Order Delivered"
"2022-10-07 15:01:22.085592000","2022-10-07 15:31:44.028332000","2022-10-07 15:41:47.311669000","Sheetz (540)",3,1226.000000000000,"Order Delivered"
"2022-10-07 15:36:28.751391000","2022-10-07 15:50:40.254034000","2022-10-07 16:01:12.098911000","Subway 29952-0",3,1770.000000000000,"Order Delivered"
"2022-10-07 15:37:29.813973000","2022-10-07 15:52:23.755250000","2022-10-07 16:09:45.376743000","Mr Dumpling (Apex Peakway)",4,4235.000000000000,"Order Delivered"
"2022-10-07 15:59:38.142523000","2022-10-07 16:30:04.835201000","2022-10-07 16:42:20.395124000","Chick-fil-A (01218)",3,0.000000000000,"Order Delivered"
"2022-10-07 16:10:34.186788000","2022-10-07 16:24:10.320974000","2022-10-07 16:35:46.472396000","Burger King (8018)",1,1404.000000000000,"Order Delivered"
"2022-10-07 16:36:22.491627000","2022-10-07 16:46:55.803675000","2022-10-07 17:02:41.006390000","Chick-fil-A (01218)",8,3701.000000000000,"Order Delivered"
"2022-10-07 16:43:38.804664000","2022-10-07 17:09:44.595747000","2022-10-07 17:18:03.520968000","Seoul Garden (Cary)",3,1800.000000000000,"Order Delivered"
"2022-10-07 16:55:26.004945000","2022-10-07 17:33:01.294802000","2022-10-07 17:56:30.828183000","Wendy's (8579)",1,1199.000000000000,"Order Delivered"
"2022-10-07 19:28:47.182964000","2022-10-07 19:50:28.004684000","2022-10-07 19:57:02.756591000","Walgreens (7365)",2,0.000000000000,"Order Delivered"
"2022-10-07 19:45:33.283441000","2022-10-07 20:07:32.062137000","2022-10-07 20:18:59.480697000","Bojangles - #1024 Apex, North Carolina (FZ)",1,4319.000000000000,"Order Delivered"
"2022-10-07 20:13:58.470484000","2022-10-07 20:26:12.027376000","2022-10-07 20:43:31.780161000","Burrito Shak - Cary-",3,2447.000000000000,"Order Delivered"
"2022-10-07 20:49:59.901886000","2022-10-07 21:08:54.027550000","2022-10-07 21:23:44.662021000","Bojangles - #1024 Apex, North Carolina (FZ)",1,1255.000000000000,"Order Delivered"
"2022-10-07 21:17:32.118375000","2022-10-07 21:41:42.905103000","2022-10-07 21:53:15.895501000","Red Robin (Beaver Creek Commons Drive)",1,0.000000000000,"Order Delivered"
"2022-10-07 21:37:50.467987000","2022-10-07 22:02:08.005237000","2022-10-07 22:35:44.860776000","FRESH Local Ice Cream (N Salem St)",3,3300.000000000000,"Order Delivered"
"2022-10-07 21:48:48.809060000","2022-10-07 22:05:47.194992000","2022-10-07 22:22:15.176216000","La Rancherita (N Salem St)",3,3397.000000000000,"Order Delivered"
"2022-10-07 22:43:16.871020000","2022-10-07 22:59:02.551667000","2022-10-07 23:06:35.965335000","Chick-fil-A (02181)",2,858.000000000000,"Order Delivered"
"2022-10-07 23:15:35.021353000","2022-10-07 23:23:47.249493000","2022-10-07 23:33:58.275297000","Bojangles - #1024 Apex, North Carolina (FZ)",2,2725.000000000000,"Order Delivered"
"2022-10-07 23:22:18.761888000","2022-10-08 00:02:19.198062000","2022-10-08 00:33:29.132764000","Cilantro Indian Cafe' (Edinburgh S Dr)",2,2250.000000000000,"Order Delivered"
"2022-10-08 20:43:40.041549000","2022-10-08 21:07:29.371894000","2022-10-08 21:19:53.410032000","Michelangelo’s Pizza in APEX (U.S. 64)",2,3073.000000000000,"Order Delivered"
"2022-10-08 21:18:48.430902000","2022-10-08 21:35:09.241449000","2022-10-08 21:55:25.369877000","Bee Banhmi (Lake Pine Dr)",2,1697.000000000000,"Order Delivered"
"2022-10-08 21:49:13.278782000","2022-10-08 22:06:26.869496000","2022-10-08 22:16:03.542298000","Popeyes (12729)",2,2954.000000000000,"Order Delivered"
"2022-10-08 22:20:43.028663000","2022-10-08 22:32:52.829846000","2022-10-08 22:43:06.576230000","Hibachi Sushi (Avent Ferry Rd)",8,5265.000000000000,"Order Delivered"
"2022-10-08 22:48:11.082083000","2022-10-08 23:05:54.347417000","2022-10-08 23:23:43.322848000","Hibachi Sushi (Avent Ferry Rd)",5,2931.000000000000,"Order Delivered"
"2022-10-08 23:00:42.569388000","2022-10-08 23:32:29.850066000","2022-10-08 23:48:31.443897000","Biryani Maxx Indian Cuisine (Chatham St)",1,1799.000000000000,"Order Delivered"
"2022-10-08 23:12:08.589357000","2022-10-08 23:32:35.624360000","2022-10-08 23:53:19.177561000","Biryani Maxx Indian Cuisine (Chatham St)",2,2298.000000000000,"Order Delivered"
"2022-10-08 23:14:32.269972000","2022-10-09 00:37:20.427657000","2022-10-09 00:55:14.956035000","Dharani Express",3,5496.000000000000,"Order Delivered"
"2022-10-08 23:47:45.448007000","2022-10-09 00:03:34.455289000","2022-10-09 00:20:08.421924000","Popeyes (12729)",3,2060.000000000000,"Order Delivered"
"2022-10-08 23:49:39.233270000","2022-10-09 00:05:27.422811000","2022-10-09 00:26:09.212108000","Popeyes (12729)",3,2447.000000000000,"Order Delivered"
"2022-10-09 00:55:14.234930000","2022-10-09 01:06:33.219832000","2022-10-09 01:13:53.965083000","Sheetz (507)",3,1251.000000000000,"Order Delivered"
"2022-10-09 01:44:55.280288000","2022-10-09 01:53:32.587025000","2022-10-09 01:59:39.090735000","McDonald's (17721-LAKE PINE)",2,1210.000000000000,"Order Delivered"
"2022-10-09 13:32:04.067806000","2022-10-09 14:00:51.690630000","2022-10-09 14:09:25.353167000","Chutneys",2,1448.000000000000,"Order Delivered"
"2022-10-10 21:18:32.774676000","2022-10-10 21:41:05.338060000","2022-10-10 21:53:08.242736000","Firehouse Subs (233)",2,1315.000000000000,"Order Delivered"
"2022-10-10 21:32:10.906853000","2022-10-10 21:42:49.120476000","2022-10-10 22:08:33.198694000","866 - Noodles & Company",1,1662.000000000000,"Order Delivered"
"2022-10-10 22:06:33.868469000","2022-10-10 22:17:34.215899000","2022-10-10 22:23:36.242180000","Los Tres Magueyes (Holly Springs)",2,3177.000000000000,"Order Delivered"
"2022-10-10 22:26:02.230370000","2022-10-10 22:54:50.783914000","2022-10-10 23:17:25.599768000","Sushi Iwa (Creekside Landing Dr)",3,6485.000000000000,"Order Delivered"
"2022-10-10 22:27:38.291204000","2022-10-10 22:34:47.697957000","2022-10-10 22:46:28.182110000","La Rancherita (N Salem St)",2,2548.000000000000,"Order Delivered"
"2022-10-10 23:42:24.685642000","2022-10-10 23:57:28.538156000","2022-10-11 00:13:50.951701000","Red Bowl Asian Bistro (Cary)",2,1770.000000000000,"Order Delivered"
"2022-10-11 00:03:46.472521000","2022-10-11 00:30:10.658058000","2022-10-11 00:47:07.822282000","Bruster's 0359 (Apex)",2,1750.000000000000,"Order Delivered"
"2022-10-11 00:45:19.907524000","2022-10-11 01:15:02.284265000","2022-10-11 01:38:24.569772000","Sushi Iwa (Creekside Landing Dr)",2,3190.000000000000,"Order Delivered"
"2022-10-11 00:49:41.212862000","2022-10-11 01:25:08.490747000","2022-10-11 01:37:36.563124000","Los Tres Mexican Restaurant (Apex)",2,1376.000000000000,"Order Delivered"
"2022-10-11 15:20:42.566953000","2022-10-11 15:47:23.885969000","2022-10-11 16:13:41.883083000","Chick-fil-A (01588)",5,1913.000000000000,"Order Delivered"
"2022-10-11 16:04:51.066744000","2022-10-11 16:25:55.006672000","2022-10-11 16:35:24.885084000","Panera MP (601650 - Beaver Creek Commons Drive - Apex NC)",4,3755.000000000000,"Order Delivered"
"2022-10-11 16:30:29.238711000","2022-10-11 16:47:19.525391000","2022-10-11 17:00:22.532242000","Red Robin (571)",7,2007.000000000000,"Order Delivered"
"2022-10-11 17:00:00.188352000","2022-10-11 17:07:23.018580000","2022-10-11 17:20:16.578692000","McDonald's (39539 - APEX RELO-E WILLIAMS AND JAMES)",2,838.000000000000,"Order Delivered"
"2022-10-11 21:46:42.397360000","2022-10-11 22:02:14.153071000","2022-10-11 22:14:42.497972000","Wendy's (9393)",3,1965.000000000000,"Order Delivered"
"2022-10-12 14:28:43.595255000","2022-10-12 14:39:35.485145000","2022-10-12 14:53:28.122695000","Mustang Charlie's Diner presented by Peak City Hots (N Salem St)",3,2484.000000000000,"Order Delivered"
"2022-10-12 14:59:39.334708000","2022-10-12 15:13:41.447543000","2022-10-12 15:19:09.526091000","Chick-fil-A (01749)",3,2665.000000000000,"Order Delivered"
"2022-10-12 15:10:52.186621000","2022-10-12 15:25:07.745910000","2022-10-12 15:32:34.315353000","Brixx Wood Fired Pizza + Craft Bar (Cary-Bradford)",1,1319.000000000000,"Order Delivered"
"2022-10-12 15:29:01.612397000","2022-10-12 15:44:59.201420000","2022-10-12 15:49:37.568783000","Jersey Mike's Subs (3005)",5,3080.000000000000,"Order Delivered"
"2022-10-12 15:46:32.147679000","2022-10-12 16:02:28.631074000","2022-10-12 16:10:00.539104000","La Farm Bakery",2,1672.000000000000,"Order Delivered"
"2022-10-12 15:48:23.684065000","2022-10-12 16:03:15.101550000","2022-10-12 16:17:15.886115000","Bruegger's Bagels (3771)",2,1378.000000000000,"Order Delivered"
"2022-10-12 16:08:36.992938000","2022-10-12 16:30:47.733891000","2022-10-12 16:40:17.307755000","Firehouse Subs (233)",1,1575.000000000000,"Order Delivered"
"2022-10-12 16:30:58.065952000","2022-10-12 16:53:23.866271000","2022-10-12 16:59:57.215607000","McDonald's (17721-LAKE PINE)",1,699.000000000000,"Order Delivered"
"2022-10-12 20:34:23.268195000","2022-10-12 21:19:10.155063000","2022-10-12 21:44:43.152716000","Big Sergio’s Pizza (Ten-Ten Rd)",4,5194.000000000000,"Order Delivered"
"2022-10-12 21:38:40.417078000","2022-10-12 22:03:07.187005000","2022-10-12 22:12:16.454686000","Mei Wei Asian Diner (N Main St)",9,5335.000000000000,"Order Delivered"
"2022-10-12 22:04:13.352145000","2022-10-12 22:30:16.024058000","2022-10-12 22:50:54.048196000","Assaggio's Pizzeria & Ristorante (Sunset Lake Rd)",4,4331.000000000000,"Order Delivered"
"2022-10-12 22:08:17.695256000","2022-10-12 22:23:20.733731000","2022-10-12 22:41:07.776087000","Wingin' It Bar and Grille (N Main St)",2,2700.000000000000,"Order Delivered"
"2022-10-12 22:57:38.503978000","2022-10-12 23:09:34.393680000","2022-10-12 23:25:50.038595000","McDonald's (32242-HOLLY SPRINGS, NC)",2,769.000000000000,"Order Delivered"
"2022-10-12 23:24:28.376880000","2022-10-12 23:36:16.093754000","2022-10-12 23:44:58.206346000","Los Tres Magueyes (Holly Springs)",2,2398.000000000000,"Order Delivered"
"2022-10-12 23:25:29.636454000","2022-10-12 23:51:23.479360000","2022-10-13 00:27:31.972796000","Hibachi Japan (GB Alford Hwy)",2,1894.000000000000,"Order Delivered"
"2022-10-13 00:33:13.548129000","2022-10-13 00:45:50.302527000","2022-10-13 00:51:36.128157000","Marco's Pizza (8403)",1,1199.000000000000,"Order Delivered"
"2022-10-13 20:19:48.027375000","2022-10-13 20:43:52.863904000","2022-10-13 20:52:03.070450000","Panera - Corporate (Beaver Creek Commons Drive)",2,0.000000000000,"Order Delivered"
"2022-10-13 20:47:05.050079000","2022-10-13 21:18:40.700161000","2022-10-13 21:42:11.525081000","Panera - Corporate (Beaver Creek Commons Drive)",2,0.000000000000,"Order Delivered"
"2022-10-13 20:56:47.334914000","2022-10-13 21:21:04.095540000","2022-10-13 21:28:58.322364000","Firehouse Subs (233)",1,1575.000000000000,"Order Delivered"
"2022-10-13 21:21:41.732535000","2022-10-13 21:58:21.706274000","2022-10-13 22:06:16.498670000","QDOBA (2215) (F)",2,1985.000000000000,"Order Delivered"
"2022-10-13 21:50:29.614706000","2022-10-13 21:59:50.554325000","2022-10-13 22:13:04.519607000","QDOBA (2215) (F)",2,2610.000000000000,"Order Delivered"
"2022-10-13 22:08:36.891047000","2022-10-13 22:22:46.081597000","2022-10-13 22:32:17.650920000","Romeo's Pizza (Apex)",1,2199.000000000000,"Order Delivered"
"2022-10-13 22:24:29.496329000","2022-10-13 22:39:33.476824000","2022-10-13 23:00:01.393688000","Taco Bell (19917)",3,3011.000000000000,"Order Delivered"
"2022-10-13 23:12:21.174456000","2022-10-13 23:26:30.486369000","2022-10-13 23:35:10.500402000","Walgreens (7365)",5,2096.000000000000,"Order Delivered"
"2022-10-13 23:23:47.036903000","2022-10-13 23:43:48.667074000","2022-10-13 23:55:34.652262000","Mr  Dumpling (Apex Peakway)",5,0.000000000000,"Order Delivered"
"2022-10-14 23:05:32.932632000","2022-10-14 23:50:48.304278000","2022-10-15 00:09:54.028269000","Michelangelos Pizza in Apex (U.S. 64)",3,0.000000000000,"Order Delivered"
"2022-10-14 23:19:03.243642000","2022-10-14 23:45:55.895376000","2022-10-15 00:03:32.399660000","McAlister's Deli (Pine Plaza Drive)",3,0.000000000000,"Order Delivered"
"2022-10-14 23:55:41.227612000","2022-10-15 00:17:30.151147000","2022-10-15 00:31:00.304642000","Sushi Iwa (Creekside Landing Dr)",2,3190.000000000000,"Order Delivered"
"2022-10-17 19:34:54.916439000","2022-10-17 21:33:52.494102000","2022-10-17 22:00:44.587436000","City Barbeque (North Carolina 54)",7,0.000000000000,"Order Delivered"
"2022-10-17 21:14:38.479106000","2022-10-17 21:49:29.838520000","2022-10-17 22:15:29.619927000","It's Just Wings (IJW001.005.0975) (pick up at Chili's)",1,1605.000000000000,"Order Delivered"
"2022-10-17 21:58:06.187152000","2022-10-17 22:23:54.575520000","2022-10-17 22:28:16.829748000","Romeo's Pizza (Cary)",2,1894.000000000000,"Order Delivered"
"2022-10-17 22:22:33.861000000","2022-10-17 22:38:00.162965000","2022-10-17 22:45:45.151253000","McDonald's (34433-CARY NC (CARY GLEN))",1,1368.000000000000,"Order Delivered"
"2022-10-17 22:51:50.637064000","2022-10-17 23:09:07.685027000","2022-10-17 23:27:27.688883000","Cold Stone Creamery (21465)",2,2174.000000000000,"Order Delivered"
"2022-10-17 23:01:09.143870000","2022-10-17 23:09:01.469697000","2022-10-17 23:13:45.222414000","Cold Stone Creamery (21465)",1,909.000000000000,"Order Delivered"
"2022-10-17 23:10:28.596894000","2022-10-17 23:33:04.905387000","2022-10-17 23:41:10.016300000","Big Sergio’s Pizza (Ten-Ten Rd)",3,4043.000000000000,"Order Delivered"
"2022-10-17 23:50:18.044538000","2022-10-18 00:12:14.954232000","2022-10-18 00:21:39.824561000","Five Guys NC-1797",4,2660.000000000000,"Order Delivered"
"2022-10-18 21:28:12.835516000","2022-10-18 22:00:27.099054000","2022-10-18 22:13:34.113264000","Sushi Iwa (Creekside Landing Dr)",3,2850.000000000000,"Order Delivered"
"2022-10-18 21:46:53.265192000","2022-10-18 22:05:16.139738000","2022-10-18 22:20:49.425785000","Sushi Iwa (Creekside Landing Dr)",2,3590.000000000000,"Order Delivered"
"2022-10-18 22:12:40.582336000","2022-10-18 22:55:48.881381000","2022-10-18 23:01:09.639523000","Jersey Mike's Subs (3080)",1,306.000000000000,"Order Delivered"
"2022-10-18 22:36:11.323983000","2022-10-18 22:55:54.509558000","2022-10-18 23:14:24.613370000","Jersey Mike's Subs (3080)",1,1307.000000000000,"Order Delivered"
"2022-10-18 23:03:11.532618000","2022-10-18 23:29:09.554175000","2022-10-19 00:02:38.885346000","866 - Noodles & Company",1,1499.000000000000,"Order Delivered"
"2022-10-18 23:18:01.559399000","2022-10-18 23:39:18.252319000","2022-10-18 23:45:04.472506000","Chick-fil-A (01588)",5,1991.000000000000,"Order Delivered"
"2022-10-18 23:46:17.342172000","2022-10-19 00:08:06.064404000","2022-10-19 00:26:54.240123000","Cinnaholic (Parkside Main St)",6,1560.000000000000,"Order Delivered"
"2022-10-19 00:29:04.890284000","2022-10-19 00:49:48.277001000","2022-10-19 00:56:32.254451000","Walgreens (7365)",5,2115.000000000000,"Order Delivered"
"2022-10-19 22:39:33.017450000","2022-10-19 22:52:19.079143000","2022-10-19 23:13:16.166877000","McDonald's (17721-LAKE PINE)",3,1287.000000000000,"Order Delivered"
"2022-10-19 23:01:46.633047000","2022-10-19 23:20:57.124539000","2022-10-19 23:31:37.713887000","Chick-fil-A (01218)",1,1199.000000000000,"Order Delivered"
"2022-10-19 23:22:52.644740000","2022-10-19 23:38:27.119868000","2022-10-19 23:47:15.038988000","Sheetz (540)",3,1437.000000000000,"Order Delivered"
"2022-10-19 23:39:32.803754000","2022-10-19 23:54:23.750258000","2022-10-20 00:02:46.887449000","Dohertys Apex, LLC (Apex Peakway)",2,0.000000000000,"Order Delivered"
"2022-10-20 22:37:36.302250000","2022-10-20 23:14:01.912653000","2022-10-20 23:24:31.787218000","Carrabba's - (8412 Apex, NC)",2,4978.000000000000,"Order Delivered"
"2022-10-20 22:49:57.892572000","2022-10-20 23:18:35.011028000","2022-10-20 23:31:33.827687000","Carrabba's - (8412 Apex, NC)",1,2729.000000000000,"Order Delivered"
"2022-10-20 23:27:18.633296000","2022-10-20 23:41:39.861834000","2022-10-20 23:59:05.189514000","Pizza Hut (039535) Marketplace - Tasty Hut of NC, LLC",1,1799.000000000000,"Order Delivered"
"2022-10-21 00:09:05.724639000","2022-10-21 00:21:04.348378000","2022-10-21 00:40:10.302736000","Target (01932)",2,1785.000000000000,"Order Delivered"
"2022-10-21 00:25:41.782665000","2022-10-21 00:49:11.789603000","2022-10-21 01:08:42.273054000","Anjappar Indian Restaurant (Cary)",2,2398.000000000000,"Order Delivered"
"2022-10-23 21:02:53.787257000","2022-10-23 21:29:52.381559000","2022-10-23 21:38:25.990152000","Red Robin (571)",2,3228.000000000000,"Order Delivered"
"2022-10-23 21:27:23.473959000","2022-10-23 21:50:10.250391000","2022-10-23 22:19:10.507853000","Five Guys NC-1797",5,3463.000000000000,"Order Delivered"
"2022-10-23 22:17:26.524863000","2022-10-23 22:28:53.629510000","2022-10-23 23:03:20.264874000","Panera MP (606039 - Grand Hill Place - Holly Springs NC)",2,2896.000000000000,"Order Delivered"
"2022-10-23 22:58:46.077550000","2022-10-23 23:44:10.460241000","2022-10-23 23:49:08.121760000","Target (00961)",12,4775.000000000000,"Order Delivered"
"2022-10-23 23:04:32.067977000","2022-10-23 23:57:09.072386000","2022-10-24 00:18:30.424722000","CAVA   (2001 Walnut Street)",3,0.000000000000,"Order Delivered"
"2022-10-24 00:06:18.020081000","2022-10-24 00:23:56.781564000","2022-10-24 00:31:02.555346000","Town Hall Burger & Beer (Mathews Drive)",4,4000.000000000000,"Order Delivered"
"2022-10-27 18:11:09.177419000","2022-10-27 18:38:35.938982000","2022-10-27 18:48:40.638536000","Bawarchi Grill and Spirit (Williams St)",3,3948.000000000000,"Order Delivered"
"2022-10-27 21:39:34.211310000","2022-10-27 21:53:07.469292000","2022-10-27 21:59:11.468593000","Marco's Pizza (8403)",4,2486.000000000000,"Order Delivered"
"2022-10-27 21:58:02.621015000","2022-10-27 22:12:42.017197000","2022-10-27 22:19:22.902845000","Chick-fil-A (01588)",5,2061.000000000000,"Order Delivered"
"2022-10-27 22:07:38.413610000","2022-10-27 22:26:04.012143000","2022-10-27 22:37:09.548898000","It's Just Wings (IJW001.005.1064) (pick up at Chili's)",1,1605.000000000000,"Order Delivered"
"2022-10-27 22:37:50.983038000","2022-10-27 22:58:18.714865000","2022-10-27 23:19:04.646523000","Chipotle (Apex)",1,1550.000000000000,"Order Delivered"
"2022-10-27 22:40:50.585689000","2022-10-27 22:50:27.648264000","2022-10-27 23:11:56.089741000","Taco Bell (19917)",6,1481.000000000000,"Order Delivered"
"2022-10-27 23:16:26.418573000","2022-10-27 23:30:54.562789000","2022-10-27 23:36:26.702568000","Sushi Iwa (Creekside Landing Dr)",2,2590.000000000000,"Order Delivered"
"2022-10-27 23:17:10.335159000","2022-10-27 23:43:31.005926000","2022-10-28 00:14:39.699853000","Sushi Iwa (Creekside Landing Dr)",3,4285.000000000000,"Order Delivered"
"2022-10-27 23:33:22.404499000","2022-10-27 23:52:34.020410000","2022-10-28 00:01:06.002993000","Sushi Iwa (Creekside Landing Dr)",2,3590.000000000000,"Order Delivered"
"2022-10-28 00:17:53.039460000","2022-10-28 00:29:07.584680000","2022-10-28 00:49:04.430676000","Sheetz (540)",3,1297.000000000000,"Order Delivered"
"2022-10-28 23:09:01.053568000","2022-10-28 23:27:45.223432000","2022-10-28 23:58:33.766685000","Michelangelo’s Pizza in APEX (U.S. 64)",1,1799.000000000000,"Order Delivered"
"2022-10-28 23:13:36.312539000","2022-10-28 23:51:12.386164000","2022-10-28 23:58:53.752955000","Lowes Foods (207)",1,390.000000000000,"Order Delivered"
"2022-10-29 00:04:12.586584000","2022-10-29 00:18:19.746457000","2022-10-29 00:33:49.544808000","Bojangles - #1024 Apex, North Carolina (FZ)",1,1038.000000000000,"Order Delivered"
"2022-10-29 21:36:33.241735000","2022-10-29 22:17:38.116398000","2022-10-29 22:25:33.394038000","Glory Days Grill (Apex)",4,5430.000000000000,"Order Delivered"
"2022-10-29 22:24:18.543974000","2022-10-29 22:50:27.649460000","2022-10-29 23:05:38.242658000","Glory Days Grill (Apex)",4,4765.000000000000,"Order Delivered"
"2022-10-29 23:07:23.180274000","2022-10-29 23:26:16.945827000","2022-10-29 23:44:08.293342000","McDonald's (39539 - APEX RELO-E WILLIAMS AND JAMES)",2,2055.000000000000,"Order Delivered"
"2022-10-29 23:31:25.368827000","2022-10-29 23:57:12.139470000","2022-10-30 00:05:28.221744000","Marco's Pizza (8403)",2,2173.000000000000,"Order Delivered"
"2022-10-29 23:45:52.564440000","2022-10-30 00:18:15.935620000","2022-10-30 00:27:50.750496000","It's Just Wings (IJW001.005.1064) (pick up at Chili's)",1,4000.000000000000,"Order Delivered"
"2022-10-29 23:59:49.489104000","2022-10-30 00:17:21.916265000","2022-10-30 00:37:25.763732000","Chili's Grill & Bar (001.005.1064)",1,2369.000000000000,"Order Delivered"
"2022-10-30 00:05:08.723638000","2022-10-30 00:50:34.626144000","2022-10-30 01:02:58.624661000","Lowes Foods (190)",2,1610.000000000000,"Order Delivered"
"2022-10-30 00:58:41.904866000","2022-10-30 01:32:11.178283000","2022-10-30 01:52:53.641156000","Wendy's (8579)",5,3844.000000000000,"Order Delivered"
"2022-10-30 23:01:01.943559000","2022-10-31 00:03:15.700799000","2022-10-31 00:20:05.629095000","Outback Steakhouse - (3443 OBS CARY NC)",5,8803.000000000000,"Order Delivered"
"2022-10-30 23:04:55.494451000","2022-10-30 23:30:46.158911000","2022-10-30 23:48:06.856466000","Panda Express (1352)",1,1475.000000000000,"Order Delivered"
"2022-10-31 00:25:06.411010000","2022-10-31 00:33:58.682594000","2022-10-31 00:44:49.641955000","McDonald's (27548-MILLPOND VILLAGE)",2,1639.000000000000,"Order Delivered"
"2022-10-31 00:52:12.225610000","2022-10-31 00:58:20.561451000","2022-10-31 01:07:03.864501000","McDonald's (27548-MILLPOND VILLAGE)",3,1178.000000000000,"Order Delivered"
"2022-10-31 01:12:11.225084000","2022-10-31 01:16:56.642318000","2022-10-31 01:21:14.142127000","McDonald's (39539 - APEX RELO-E WILLIAMS AND JAMES)",1,669.000000000000,"Order Delivered"
"2022-10-31 01:27:46.382802000","2022-10-31 01:36:53.630888000","2022-10-31 01:46:54.796797000","Walgreens (7365)",5,2095.000000000000,"Order Delivered"
"2022-11-03 19:55:47.588887000","2022-11-03 22:59:13.544317000","2022-11-03 23:15:49.344148000","Panera - Corporate (Beaver Creek Commons Drive)",2,0.000000000000,"Order Delivered"
"2022-11-03 21:24:15.800707000","2022-11-03 21:52:07.927881000","2022-11-03 22:09:01.746452000","Glory Days Grill (Apex)",3,3015.000000000000,"Order Delivered"
"2022-11-03 21:55:23.957082000","2022-11-03 22:19:26.132363000","2022-11-03 22:34:26.647154000","Big Sergio’s Pizza (Ten-Ten Rd)",3,4794.000000000000,"Order Delivered"
"2022-11-03 23:27:52.538660000","2022-11-03 23:35:12.818626000","2022-11-03 23:43:55.851375000","Chick-fil-A (01588)",3,2777.000000000000,"Order Delivered"
"2022-11-03 23:49:47.652548000","2022-11-03 23:55:36.424616000","2022-11-04 00:07:51.995890000","Chick-fil-A (01588)",4,1848.000000000000,"Order Delivered"
"2022-11-04 00:23:03.130905000","2022-11-04 00:32:48.406663000","2022-11-04 00:44:28.462346000","La Rancherita (N Salem St)",4,5096.000000000000,"Order Delivered"
"2022-11-04 23:31:11.286374000","2022-11-04 23:57:13.954729000","2022-11-05 00:10:36.454700000","Chipotle (Apex)",5,3340.000000000000,"Order Delivered"
"2022-11-05 23:36:38.469906000","2022-11-06 00:02:22.618540000","2022-11-06 00:14:17.302544000","Five Guys NC-1797",3,2373.000000000000,"Order Delivered"
"2022-11-05 23:49:50.594986000","2022-11-06 00:07:49.114662000","2022-11-06 00:25:39.255698000","Chipotle (Pine Plaza Drive)",2,0.000000000000,"Order Delivered"
"2022-11-06 15:07:18.601309000","2022-11-06 15:31:50.415192000","2022-11-06 15:41:57.226834000","McDonald's (32344-RELO-DURHAM NC (REYNOLDS))",6,4395.000000000000,"Order Delivered"
"2022-11-06 15:30:27.188821000","2022-11-06 15:48:03.059442000","2022-11-06 15:52:59.762779000","Taqueria La Vaquita (Durham)",8,3550.000000000000,"Order Delivered"
"2022-11-06 15:42:13.957936000","2022-11-06 16:00:22.303271000","2022-11-06 16:08:54.776069000","Dollar General (3614)",1,400.000000000000,"Order Delivered"
"2022-11-06 16:08:25.987712000","2022-11-06 16:28:44.636246000","2022-11-06 16:48:03.687159000","Checkers (3881)",2,1558.000000000000,"Order Delivered"
"2022-11-06 16:42:40.590864000","2022-11-06 17:01:16.339713000","2022-11-06 17:05:19.544891000","Sheetz (525)",8,2122.000000000000,"Order Delivered"
"2022-11-06 16:50:57.263951000","2022-11-06 17:38:05.836081000","2022-11-06 17:58:23.402407000","Persis Indian Grill (Parkside Main St)",5,5145.000000000000,"Order Delivered"
"2022-11-06 17:04:08.699391000","2022-11-06 17:38:00.167627000","2022-11-06 17:49:10.658776000","Persis Indian Grill (Parkside Main St)",2,3498.000000000000,"Order Delivered"
"2022-11-06 17:57:29.173246000","2022-11-06 18:15:43.963903000","2022-11-06 18:26:39.702882000","866 - Noodles & Company",3,2876.000000000000,"Order Delivered"
"2022-11-06 17:58:26.802541000","2022-11-06 18:11:48.404411000","2022-11-06 18:25:56.482271000","It's Just Wings (IJW001.005.1064) (pick up at Chili's)",2,1905.000000000000,"Order Delivered"
"2022-11-07 22:09:55.876148000","2022-11-07 22:26:45.407716000","2022-11-07 22:52:27.920600000","Chick-fil-A (01588)",7,4097.000000000000,"Order Delivered"
"2022-11-07 22:51:57.218934000","2022-11-07 23:28:06.975528000","2022-11-07 23:43:50.040455000","MOD Pizza (Waverly - 399)",1,1159.000000000000,"Order Delivered"
"2022-11-07 22:53:09.206466000","2022-11-07 23:05:06.258400000","2022-11-07 23:11:21.990299000","Burrito Shak - Cary-",1,1309.000000000000,"Order Delivered"
"2022-11-07 23:02:00.628879000","2022-11-07 23:20:50.006423000","2022-11-07 23:39:46.102006000","Subway 52361-0",4,1933.000000000000,"Order Delivered"
"2022-11-07 23:39:24.142725000","2022-11-07 23:57:51.353042000","2022-11-08 00:04:01.408261000","McDonald's (17721-LAKE PINE)",1,759.000000000000,"Order Delivered"
"2022-11-08 00:08:01.716923000","2022-11-08 00:27:02.057971000","2022-11-08 00:33:15.351042000","Burger King (8018)",2,1669.000000000000,"Order Delivered"
"2022-11-08 00:40:46.638280000","2022-11-08 00:51:43.747588000","2022-11-08 00:56:08.728931000","McDonald's (17721-LAKE PINE)",6,2354.000000000000,"Order Delivered"
"2022-11-10 22:21:53.390077000","2022-11-10 23:05:52.277847000","2022-11-10 23:25:47.871970000","Carrabba's - (8412 Apex, NC)",2,3697.000000000000,"Order Delivered"
"2022-11-10 22:23:10.105021000","2022-11-10 23:05:57.333445000","2022-11-10 23:38:17.754139000","Carrabba's - (8412 Apex, NC)",1,2649.000000000000,"Order Delivered"
"2022-11-10 23:39:18.931716000","2022-11-10 23:48:15.178826000","2022-11-11 00:07:34.726062000","Chick-fil-A (01218)",5,2980.000000000000,"Order Delivered"
"2022-11-10 23:46:00.728213000","2022-11-11 00:30:26.556891000","2022-11-11 00:42:22.232425000","Chili's (Beaver Creek Commons Drive)",1,0.000000000000,"Order Delivered"
"2022-11-11 00:02:06.543588000","2022-11-11 00:17:15.443171000","2022-11-11 00:22:39.503939000","Glory Days Grill (Apex)",1,1575.000000000000,"Order Delivered"
"2022-11-11 00:48:14.160558000","2022-11-11 01:04:22.505829000","2022-11-11 01:23:27.550806000","KFC (J120103)",1,3239.000000000000,"Order Delivered"
"2022-11-11 01:18:43.758779000","2022-11-11 01:43:35.587352000","2022-11-11 01:48:36.279680000","CVS (5042)",4,2297.000000000000,"Order Delivered"
"2022-11-11 01:24:31.102927000","2022-11-11 01:57:27.697734000","2022-11-11 02:09:12.106162000","Buffalo Wild Wings - Bird Dawgs (357)",1,1299.000000000000,"Order Delivered"
"2022-11-12 00:20:50.840665000","2022-11-12 00:37:37.791126000","2022-11-12 01:01:56.771325000","Panda Express (1352)",2,1190.000000000000,"Order Delivered"
"2022-11-12 01:09:58.358845000","2022-11-12 01:21:16.814579000","2022-11-12 01:30:18.769464000","Chick-fil-A (00699)",3,1417.000000000000,"Order Delivered"
"2022-11-12 01:13:58.914544000","2022-11-12 01:42:13.485446000","2022-11-12 01:58:10.319586000","Buffalo Wild Wings (357)",1,1879.000000000000,"Order Delivered"
"2022-11-13 15:17:27.918653000","2022-11-13 15:58:40.064731000","2022-11-13 16:03:55.205865000","Dollar General (11622)",4,900.000000000000,"Order Delivered"
"2022-11-13 16:29:32.440764000","2022-11-13 16:40:36.447664000","2022-11-13 16:54:30.879890000","Popeyes (11025)",1,0.000000000000,"Order Delivered"
"2022-11-13 16:43:36.149202000","2022-11-13 17:29:45.271987000","2022-11-13 17:45:27.943085000","Bad Cat Coffee Co. (Raleigh)",2,1035.000000000000,"Order Delivered"
"2022-11-13 18:02:23.682829000","2022-11-13 18:07:41.232024000","2022-11-13 18:23:43.619079000","Dunkin' (344467)",1,1061.000000000000,"Order Delivered"
"2022-11-16 22:05:12.782556000","2022-11-16 22:30:07.221599000","2022-11-16 23:00:20.417916000","Michelangelo’s Pizza in APEX (U.S. 64)",1,1924.000000000000,"Order Delivered"
"2022-11-16 22:12:58.243944000","2022-11-16 22:29:21.789857000","2022-11-16 22:42:24.803219000","Jersey Mike's (U.S. 64)",4,0.000000000000,"Order Delivered"
"2022-11-16 22:45:21.983524000","2022-11-16 23:14:22.265555000","2022-11-16 23:42:23.809762000","Sushi Iwa (Creekside Landing Dr)",6,8625.000000000000,"Order Delivered"
"2022-11-16 23:31:05.012458000","2022-11-17 00:06:10.174588000","2022-11-17 00:12:20.807805000","Burger King (17359)",5,1222.000000000000,"Order Delivered"
"2022-11-17 00:05:19.368494000","2022-11-17 00:29:55.259025000","2022-11-17 00:34:35.093168000","Walgreens (7505)",5,1586.000000000000,"Order Delivered"
"2022-11-17 00:44:00.672910000","2022-11-17 00:58:18.625685000","2022-11-17 01:10:22.495815000","Red Robin (571)",2,2188.000000000000,"Order Delivered"
"2022-11-17 00:59:47.336660000","2022-11-17 01:21:25.813421000","2022-11-17 01:30:23.509146000","CHAAT MANDI",3,2997.000000000000,"Order Delivered"
"2022-11-18 00:51:04.959945000","2022-11-18 01:01:23.583200000","2022-11-18 01:11:35.880765000","Bruster's 0359 (Apex)",3,1927.000000000000,"Order Delivered"
"2022-11-18 01:07:06.854648000","2022-11-18 01:21:20.442127000","2022-11-18 01:24:47.390723000","Chick-fil-A (01588)",1,1069.000000000000,"Order Delivered"
"2022-11-18 22:27:47.302776000","2022-11-18 23:15:12.726200000","2022-11-18 23:40:52.445166000","McDonald's (17721-LAKE PINE)",3,1278.000000000000,"Order Delivered"
"2022-11-18 22:35:28.323302000","2022-11-18 23:49:09.184834000","2022-11-19 00:19:29.470429000","Flavors kitchen (Morrisville)",4,5135.000000000000,"Order Delivered"
"2022-11-18 23:31:19.824977000","2022-11-18 23:56:05.792725000","2022-11-19 00:07:37.852369000","Thai's Noodles (Morrisville)",2,2210.000000000000,"Order Delivered"
"2022-11-18 23:42:37.348760000","2022-11-19 00:11:14.884012000","2022-11-19 00:38:25.705922000","Miso Ramen Bar",3,4000.000000000000,"Order Delivered"
"2022-11-19 00:28:11.291380000","2022-11-19 00:55:44.787323000","2022-11-19 01:05:18.399019000","Chick-fil-A (01218)",1,1199.000000000000,"Order Delivered"
"2022-11-19 01:12:47.226719000","2022-11-19 01:24:25.593539000","2022-11-19 01:34:26.101305000","Five Guys NC-1797",2,2038.000000000000,"Order Delivered"
"2022-11-19 01:20:46.128669000","2022-11-19 01:55:38.893926000","2022-11-19 02:08:28.891821000","Carrabba's - (8412 Apex, NC)",2,2436.000000000000,"Order Delivered"
"2022-11-19 01:23:24.474452000","2022-11-19 01:40:44.153490000","2022-11-19 01:45:04.847456000","Hong Kong No. 1 (NC 55 Hwy)",5,4750.000000000000,"Order Delivered"
"2022-11-19 23:02:52.738919000","2022-11-19 23:38:50.222604000","2022-11-19 23:50:51.864405000","Michelangelo’s Pizza in APEX (U.S. 64)",3,3697.000000000000,"Order Delivered"
"2022-11-19 23:51:20.376495000","2022-11-20 00:06:28.306202000","2022-11-20 00:26:57.491618000","Five Guys NC-1797",2,2038.000000000000,"Order Delivered"
"2022-11-19 23:55:53.507688000","2022-11-20 00:11:12.495535000","2022-11-20 00:15:54.604878000","Bee Banhmi (Lake Pine Dr)",2,1746.000000000000,"Order Delivered"
"2022-11-20 00:22:24.902534000","2022-11-20 00:58:28.708255000","2022-11-20 01:12:44.062891000","Ruckus Pizza, Pasta & Spirits (Apex)",3,3897.000000000000,"Order Delivered"
"2022-11-20 00:27:10.947102000","2022-11-20 00:47:12.690976000","2022-11-20 01:08:50.024572000","Michelangelo’s Pizza in APEX (U.S. 64)",1,1799.000000000000,"Order Delivered"
"2022-11-22 23:36:49.368935000","2022-11-23 00:08:10.894401000","2022-11-23 00:18:46.484573000","It's Just Wings (IJW001.005.1064) (pick up at Chili's)",2,2700.000000000000,"Order Delivered"
"2022-11-22 23:39:18.486448000","2022-11-23 00:08:28.313004000","2022-11-23 00:26:48.789551000","It's Just Wings (IJW001.005.1064) (pick up at Chili's)",2,2110.000000000000,"Order Delivered"
"2022-11-23 00:04:39.431551000","2022-11-23 00:33:15.497666000","2022-11-23 00:50:51.246758000","Schlotzsky's (1654)",3,2056.000000000000,"Order Delivered"
"2022-11-23 00:34:43.474661000","2022-11-23 01:14:00.955122000","2022-11-23 01:23:27.623289000","Cilantro Indian Cafe' (Edinburgh S Dr)",2,4000.000000000000,"Order Delivered"
"2022-11-23 00:46:37.917507000","2022-11-23 01:34:14.514249000","2022-11-23 01:42:18.484971000","McDonald's (39539 - APEX RELO-E WILLIAMS AND JAMES)",9,1368.000000000000,"Order Delivered"
"2022-11-23 23:00:47.399560000","2022-11-23 23:38:45.565476000","2022-11-23 23:48:15.045567000","Bee Banhmi (Lake Pine Dr)",2,1948.000000000000,"Order Delivered"
"2022-11-23 23:44:26.257152000","2022-11-24 00:05:44.287517000","2022-11-24 00:28:13.859403000","Five Guys NC-1797",4,3464.000000000000,"Order Delivered"
"2022-11-23 23:57:59.386306000","2022-11-24 00:06:26.446263000","2022-11-24 00:18:02.887068000","Five Guys NC-1797",2,1390.000000000000,"Order Delivered"
"2022-11-24 00:01:45.766444000","2022-11-24 00:53:00.374397000","2022-11-24 01:15:10.792193000","Jersey Mike's (North Carolina 55)",4,0.000000000000,"Order Delivered"
"2022-11-24 00:44:34.294262000","2022-11-24 01:01:08.465384000","2022-11-24 01:06:51.075021000","Cold Stone Creamery (21465)",2,2438.000000000000,"Order Delivered"
"2022-11-24 01:17:38.188256000","2022-11-24 01:28:15.940438000","2022-11-24 01:39:52.554016000","Wendy's (9396)",3,1672.000000000000,"Order Delivered"
"2022-11-26 00:46:55.221049000","2022-11-26 01:04:15.552752000","2022-11-26 01:13:02.853203000","Chipotle (Apex)",1,1350.000000000000,"Order Delivered"
"2022-11-26 00:54:51.726968000","2022-11-26 01:04:51.197846000","2022-11-26 01:18:41.250232000","Chipotle (Apex)",3,2475.000000000000,"Order Delivered"
"2022-11-27 00:07:41.763959000","2022-11-27 00:29:36.608237000","2022-11-27 00:40:20.236370000","Marco's Pizza (8403)",1,599.000000000000,"Order Delivered"
"2022-11-27 00:45:22.914375000","2022-11-27 01:00:01.496223000","2022-11-27 01:17:49.315290000","Baan Thai (Apex)",1,1975.000000000000,"Order Delivered"
"2022-11-27 01:07:40.214654000","2022-11-27 01:28:53.686920000","2022-11-27 01:46:39.355590000","Salsa Fresh Mexican Grill (Davis Dr)",4,3099.000000000000,"Order Delivered"
"2022-11-27 01:29:15.198382000","2022-11-27 01:55:57.127306000","2022-11-27 02:04:08.358038000","Wayback Burgers (F025 - Durham, NC)",2,1398.000000000000,"Order Delivered"
"2022-11-27 01:33:54.016647000","2022-11-27 02:14:14.373091000","2022-11-27 02:28:09.354938000","Hyderabad House Biryani Place (Morrisville)",4,6896.000000000000,"Order Delivered"
"2022-11-27 22:46:15.532836000","2022-11-27 23:28:22.226249000","2022-11-27 23:42:38.328015000","QDOBA Mexican Eats (Beaver Creek Commons Drive)",2,0.000000000000,"Order Delivered"
"2022-11-27 23:11:12.780822000","2022-11-27 23:26:17.420710000","2022-11-28 00:03:30.343270000","866 - Noodles & Company",4,3938.000000000000,"Order Delivered"
"2022-11-27 23:54:57.098906000","2022-11-28 00:16:33.500334000","2022-11-28 00:33:37.967762000","Chens Garden (Holly Springs)",1,1599.000000000000,"Order Delivered"
"2022-11-28 00:23:17.509173000","2022-11-28 00:42:16.031456000","2022-11-28 00:48:58.385744000","Chipotle (Apex)",2,2065.000000000000,"Order Delivered"
"2022-12-01 21:56:26.775175000","2022-12-01 22:16:53.090792000","2022-12-01 22:29:30.540064000","Five Guys NC-1797",2,1654.000000000000,"Order Delivered"
"2022-12-01 22:04:31.542296000","2022-12-01 22:16:58.009413000","2022-12-01 22:45:03.704412000","Five Guys NC-1797",3,2805.000000000000,"Order Delivered"
"2022-12-01 22:57:04.952806000","2022-12-01 23:12:11.644356000","2022-12-01 23:24:50.188583000","Arby's (6768)",6,3544.000000000000,"Order Delivered"
"2022-12-01 23:22:53.063060000","2022-12-01 23:50:53.072552000","2022-12-01 23:53:49.139611000","Sonic Drive-In (3975)",2,1182.000000000000,"Order Delivered"
"2022-12-02 00:04:54.421790000","2022-12-02 00:22:22.919219000","2022-12-02 00:32:32.060464000","Panera - Corporate (Grand Hill Place)",3,0.000000000000,"Order Delivered"
"2022-12-02 00:41:19.038418000","2022-12-02 00:51:23.782555000","2022-12-02 01:01:09.881046000","Bojangles - #1024 Apex, North Carolina (FZ)",1,1309.000000000000,"Order Delivered"
"2022-12-04 12:20:33.901978000","2022-12-04 12:55:12.885659000","2022-12-04 13:08:40.095515000","IHOP (3181)",6,1725.000000000000,"Order Delivered"
"2022-12-04 12:47:20.287581000","2022-12-04 13:25:01.024042000","2022-12-04 13:40:06.483636000","Famous Toastery (Cary)",1,1730.000000000000,"Order Delivered"
"2022-12-04 13:25:13.139224000","2022-12-04 14:17:07.412369000","2022-12-04 14:35:30.771258000","Krispy Kreme (North Person Street)",1,0.000000000000,"Order Delivered"
"2022-12-04 13:35:02.144285000","2022-12-04 14:17:19.979435000","2022-12-04 14:29:28.774401000","Krispy Kreme (North Person Street)",2,0.000000000000,"Order Delivered"
"2022-12-04 14:44:34.184625000","2022-12-04 14:55:04.717764000","2022-12-04 15:04:29.572280000","Hardee's - Garner 1189 (1500238)",1,886.000000000000,"Order Delivered"
"2022-12-04 15:13:02.765033000","2022-12-04 15:31:31.745637000","2022-12-04 15:38:08.170666000","Panera MP (606027 - Crescent Commons - Raleigh NC)",4,2016.000000000000,"Order Delivered"
"2022-12-04 15:25:04.428443000","2022-12-04 15:47:04.433129000","2022-12-04 16:11:07.134445000","Famous Toastery (Cary)",3,3980.000000000000,"Order Delivered"
"2022-12-07 01:02:24.494110000","2022-12-07 01:26:25.480389000","2022-12-07 01:32:21.122554000","Jersey Mike's Subs (3028)",1,1899.000000000000,"Order Delivered"
"2022-12-07 01:08:14.538392000","2022-12-07 01:23:16.214992000","2022-12-07 01:36:03.390731000","Five Guys NC-1797",2,1894.000000000000,"Order Delivered"
"2022-12-07 01:37:58.857543000","2022-12-07 01:57:54.202659000","2022-12-07 02:03:20.522208000","Walgreens (7365)",5,2247.000000000000,"Order Delivered"
"2022-12-07 18:18:03.254961000","2022-12-07 19:42:45.228935000","2022-12-07 19:48:10.109331000","McDonald's (30839 - WM-RALEIGH, NC (NEW BERN AVE))",2,1173.000000000000,"Order Delivered"
"2022-12-07 18:34:23.688452000","2022-12-07 18:46:05.925605000","2022-12-07 18:52:57.827245000","Charlie's Kabob Grill (Capital Blvd)",4,2122.000000000000,"Order Delivered"
"2022-12-07 18:48:53.260221000","2022-12-07 19:06:37.747904000","2022-12-07 19:26:20.559825000","Red Robin (573)",2,1978.000000000000,"Order Delivered"
"2022-12-07 19:53:17.191952000","2022-12-07 20:00:48.853203000","2022-12-07 20:06:56.714613000","Wendy's (11554)",3,1723.000000000000,"Order Delivered"
"2022-12-08 00:01:33.438175000","2022-12-08 00:20:57.923921000","2022-12-08 00:32:15.634655000","Taco Bell (30258)",15,1155.000000000000,"Order Delivered"
"2022-12-08 01:10:08.338890000","2022-12-08 01:19:54.795495000","2022-12-08 01:24:46.485713000","Subway 5269-0",3,1736.000000000000,"Order Delivered"
"2022-12-08 01:11:45.326156000","2022-12-08 01:32:42.332207000","2022-12-08 01:39:10.354436000","Chipotle (Apex)",2,1785.000000000000,"Order Delivered"
"2022-12-08 23:16:59.375620000","2022-12-08 23:39:42.205019000","2022-12-08 23:59:02.187406000","Marco's Pizza (8403)",5,3540.000000000000,"Order Delivered"
"2022-12-08 23:55:49.270050000","2022-12-09 00:11:25.244483000","2022-12-09 00:17:02.928924000","McDonald's (17721-LAKE PINE)",5,1765.000000000000,"Order Delivered"
"2022-12-09 00:00:36.369872000","2022-12-09 00:31:48.934762000","2022-12-09 00:48:33.622696000","Totopos Street Food & Tequila (Kildaire Farm Rd)",4,2892.000000000000,"Order Delivered"
"2022-12-09 00:07:07.858043000","2022-12-09 00:12:25.236331000","2022-12-09 00:22:04.267446000","McDonald's (17721-LAKE PINE)",2,1158.000000000000,"Order Delivered"
"2022-12-09 00:26:10.650362000","2022-12-09 01:26:25.189408000","2022-12-09 01:39:46.087524000","The Parkway Tavern (High House Rd)",1,1225.000000000000,"Order Delivered"
"2022-12-09 00:52:03.501230000","2022-12-09 01:08:46.840228000","2022-12-09 01:21:35.214120000","Panda Express (1352)",1,1315.000000000000,"Order Delivered"
"2022-12-10 22:36:17.245426000","2022-12-10 23:43:51.746155000","2022-12-11 00:06:26.242957000","Cilantro Indian Cafe' (Edinburgh S Dr)",4,6250.000000000000,"Order Delivered"
"2022-12-10 23:44:22.373423000","2022-12-11 00:16:32.565919000","2022-12-11 00:45:38.872423000","856 - Noodles & Company",2,1719.000000000000,"Order Delivered"
"2022-12-11 00:00:30.759933000","2022-12-11 00:24:53.792552000","2022-12-11 00:37:00.951896000","Chick-fil-A (00833)",5,2320.000000000000,"Order Delivered"
"2022-12-11 00:47:54.932613000","2022-12-11 01:03:18.256795000","2022-12-11 01:14:35.029701000","FRESH Local Ice Cream (E Chatham St)",1,1200.000000000000,"Order Delivered"
"2022-12-11 00:57:08.575434000","2022-12-11 01:21:23.645646000","2022-12-11 01:41:03.091342000","Kathmandu Kitchen (Cary)",3,4297.000000000000,"Order Delivered"
"2022-12-11 01:30:34.512721000","2022-12-11 01:54:10.030845000","2022-12-11 02:11:41.475301000","Capriotti's Sandwich Shop (NC179)",2,4918.000000000000,"Order Delivered"
"2022-12-15 23:19:15.147040000","2022-12-15 23:42:54.662492000","2022-12-16 00:01:05.249832000","Red Robin (571)",2,3218.000000000000,"Order Delivered"
"2022-12-15 23:19:36.309546000","2022-12-15 23:46:32.443197000","2022-12-16 00:05:42.397402000","Sushi Iwa (Creekside Landing Dr)",2,3390.000000000000,"Order Delivered"
"2022-12-15 23:58:19.479556000","2022-12-16 00:28:01.378938000","2022-12-16 00:48:06.333010000","Donatos (571)",1,1839.000000000000,"Order Delivered"
"2022-12-16 00:22:57.852838000","2022-12-16 00:59:56.985544000","2022-12-16 01:09:15.206473000","HARRISON",1,0.000000000000,"Order Delivered"
"2022-12-16 00:55:19.306962000","2022-12-16 01:18:40.924730000","2022-12-16 01:32:47.448289000","Geluna Gelato ( E Chatham St)",1,1350.000000000000,"Order Delivered"
"2022-12-16 01:18:24.792448000","2022-12-16 01:39:37.604196000","2022-12-16 01:45:40.119527000","McDonald's (27548-MILLPOND VILLAGE)",3,2015.000000000000,"Order Delivered"
"2022-12-16 01:51:45.541176000","2022-12-16 02:01:59.121383000","2022-12-16 02:08:48.061205000","McDonald's (39539 - APEX RELO-E WILLIAMS AND JAMES)",1,619.000000000000,"Order Delivered"
"2022-12-16 23:41:22.272732000","2022-12-17 00:05:24.287313000","2022-12-17 00:17:33.877770000","Glory Days Grill (Apex)",5,3560.000000000000,"Order Delivered"
"2022-12-17 00:25:35.045803000","2022-12-17 00:53:56.087066000","2022-12-17 01:00:26.374811000","La Rancherita (N Salem St)",4,4346.000000000000,"Order Delivered"
"2022-12-17 01:01:15.801761000","2022-12-17 01:14:16.373467000","2022-12-17 01:21:55.684856000","Dohertys Irish Pub & Restaurant - Apex",1,1920.000000000000,"Order Delivered"
"2022-12-17 01:07:35.879967000","2022-12-17 01:41:26.563364000","2022-12-17 01:57:27.859482000","Sushi Iwa (Creekside Landing Dr)",3,4190.000000000000,"Order Delivered"
"2022-12-18 13:08:04.280187000","2022-12-18 13:35:28.036121000","2022-12-18 13:43:24.146236000","Panera MP (601644 - Six Forks Road - Raleigh NC)",4,1535.000000000000,"Order Delivered"
"2022-12-18 13:47:32.960600000","2022-12-18 14:12:36.361409000","2022-12-18 14:19:23.405530000","The Shiny Diner (Buck Jones Rd)",7,4270.000000000000,"Order Delivered"
"2022-12-18 14:12:30.272875000","2022-12-18 14:35:13.775042000","2022-12-18 14:53:42.370867000","IHOP (3307)",3,3308.000000000000,"Order Delivered"
"2022-12-18 14:23:08.162987000","2022-12-18 14:38:15.168650000","2022-12-18 14:45:50.487070000","McDonald's (7501-KILDAIRE FARM-SALTBOX VILLAGE)",7,2272.000000000000,"Order Delivered"
"2022-12-18 14:52:09.295184000","2022-12-18 15:12:43.978937000","2022-12-18 15:17:09.900409000","McDonald's (39539 - APEX RELO-E WILLIAMS AND JAMES)",3,1335.000000000000,"Order Delivered"
"2022-12-19 23:01:47.243365000","2022-12-20 00:06:15.789743000","2022-12-20 00:22:22.903347000","Red Robin (571)",4,5755.000000000000,"Order Delivered"
"2022-12-20 00:21:36.014253000","2022-12-20 01:11:33.603010000","2022-12-20 01:32:06.722282000","Chutneys",2,2698.000000000000,"Order Delivered"
"2022-12-20 01:33:25.828104000","2022-12-20 01:52:01.598610000","2022-12-20 01:58:57.696012000","Bojangles - #1333 Raleigh, North Carolina (FZ)",8,4164.000000000000,"Order Delivered"
"2022-12-20 01:51:29.385295000","2022-12-20 02:08:47.461079000","2022-12-20 02:24:33.517208000","Bojangles - #1086 Cary, North Carolina (FZ)",2,1388.000000000000,"Order Delivered"
"2022-12-20 01:54:58.115662000","2022-12-20 02:18:56.321276000","2022-12-20 02:24:58.931151000","Walgreens (7341)",2,419.000000000000,"Order Delivered"
"2022-12-20 02:31:29.321559000","2022-12-20 02:59:05.079181000","2022-12-20 03:05:01.145171000","Taco Bell (3421)",6,1878.000000000000,"Order Delivered"
"2022-12-20 02:37:02.696786000","2022-12-20 02:59:47.159676000","2022-12-20 03:13:47.210027000","Taco Bell (3421)",12,2060.000000000000,"Order Delivered"
"2022-12-21 21:29:31.307706000","2022-12-21 21:41:39.770772000","2022-12-21 21:46:57.974687000","Glory Days Grill (Apex)",2,1655.000000000000,"Order Delivered"
"2022-12-21 22:25:00.030391000","2022-12-21 22:38:19.766613000","2022-12-21 23:07:10.764657000","Dohertys Irish Pub & Restaurant - Apex",2,3600.000000000000,"Order Delivered"
"2022-12-21 22:28:16.044696000","2022-12-21 22:50:09.766989000","2022-12-21 23:18:53.636011000","Mr Dumpling (Apex Peakway)",4,3980.000000000000,"Order Delivered"
"2022-12-21 22:59:00.270099000","2022-12-21 23:28:53.059590000","2022-12-21 23:48:54.283302000","Hibachi Japan (GB Alford Hwy)",4,3384.000000000000,"Order Delivered"
"2022-12-21 23:26:30.930853000","2022-12-22 00:13:37.905518000","2022-12-22 00:21:50.544273000","Papa John's (1627)",1,1699.000000000000,"Order Delivered"
"2022-12-21 23:28:24.500280000","2022-12-21 23:57:00.250054000","2022-12-22 00:08:06.185222000","Chick-fil-A (01218)",1,1069.000000000000,"Order Delivered"
"2022-12-21 23:33:34.941765000","2022-12-22 00:31:58.992699000","2022-12-22 00:46:02.736025000","Remington Grill Burgers & BBQ (Cary)",2,2198.000000000000,"Order Delivered"
"2022-12-22 00:39:06.392339000","2022-12-22 00:50:28.693936000","2022-12-22 00:57:18.378411000","McDonald's (39539 - APEX RELO-E WILLIAMS AND JAMES)",6,1036.000000000000,"Order Delivered"
"2022-12-22 00:51:04.547326000","2022-12-22 01:02:38.654123000","2022-12-22 01:14:21.970755000","Mr Dumpling (Apex Peakway)",1,1695.000000000000,"Order Delivered"
"2022-12-22 00:51:57.627814000","2022-12-22 01:03:50.095544000","2022-12-22 01:18:50.061564000","Dohertys Irish Pub & Restaurant - Apex",1,1560.000000000000,"Order Delivered"
"2022-12-24 00:06:58.167679000","2022-12-24 00:29:35.982031000","2022-12-24 00:34:34.288670000","McDonald's (17721-LAKE PINE)",4,1596.000000000000,"Order Delivered"
"2022-12-24 00:16:33.075070000","2022-12-24 00:39:50.996916000","2022-12-24 00:49:17.273664000","Michelangelo’s Pizza in APEX (U.S. 64)",8,5196.000000000000,"Order Delivered"
"2022-12-24 00:38:04.939146000","2022-12-24 01:08:14.448662000","2022-12-24 01:16:11.343469000","Taziki's Mediterranean Cafe (Waverly)",2,2068.000000000000,"Order Delivered"
"2022-12-29 23:46:45.409350000","2022-12-30 00:06:05.759564000","2022-12-30 00:17:11.133760000","Five Guys NC-1797",3,2133.000000000000,"Order Delivered"
"2023-01-04 02:15:36.844006000","2023-01-04 02:31:18.843358000","2023-01-04 02:37:04.100736000","Marco's Pizza (8403)",1,799.000000000000,"Order Delivered"
"2023-01-04 02:36:19.397221000","2023-01-04 02:48:24.488171000","2023-01-04 03:03:06.375165000","Walgreens (7365)",1,2399.000000000000,"Order Delivered"
"2023-01-18 00:40:27.260481000","2023-01-18 00:52:02.279748000","2023-01-18 01:09:54.796993000","Cold Stone Creamery (21465)",3,3525.000000000000,"Order Delivered"
"2023-01-19 12:47:55.628502000","2023-01-19 13:23:16.440055000","2023-01-19 13:30:57.146778000","Panera - Corporate (South Miami Boulevard)",4,0.000000000000,"Order Delivered"
"2023-01-19 13:34:26.942818000","2023-01-19 13:45:04.665752000","2023-01-19 13:53:46.190398000","Chick-fil-A (00699)",3,903.000000000000,"Order Delivered"
"2023-01-22 12:49:30.095226000","2023-01-22 12:54:41.840100000","2023-01-22 13:02:28.717117000","Common Grounds Coffeehouse & Desserts",5,1945.000000000000,"Order Delivered"
"2023-01-24 01:43:15.135104000","2023-01-24 01:51:49.696278000","2023-01-24 01:59:51.085035000","Chipotle (Chapel Hill Eastgate)",1,1080.000000000000,"Order Delivered"
"2023-01-25 14:24:44.282442000","2023-01-25 14:51:39.577649000","2023-01-25 15:18:26.395948000","Coffee & Crepes",2,1150.000000000000,"Order Delivered"
"2023-01-25 15:44:56.948641000","2023-01-25 15:54:44.756922000","2023-01-25 16:11:05.660412000","Bojangles - #1333 Raleigh, North Carolina (FZ)",2,1246.000000000000,"Order Delivered"
"2023-01-25 15:53:05.483766000","2023-01-25 15:55:51.908640000","2023-01-25 16:01:05.062994000","Bojangles - #1333 Raleigh, North Carolina (FZ)",1,1038.000000000000,"Order Delivered"
"2023-01-25 16:22:32.324870000","2023-01-25 16:40:52.630000000","2023-01-25 16:44:22.028995000","Chick-fil-A (00833)",1,1269.000000000000,"Order Delivered"
"2023-01-25 16:30:12.500734000","2023-01-25 16:50:12.751551000","2023-01-25 17:00:44.148839000","Pho Vietnam (Buck Jones Road)",1,1499.000000000000,"Order Delivered"
"2023-01-25 16:50:49.655428000","2023-01-25 17:16:49.707553000","2023-01-25 17:30:52.836343000","Bojangles - #1311 Cary, North Carolina (FZ)",2,1347.000000000000,"Order Delivered"
"2023-01-25 16:53:54.893914000","2023-01-25 17:16:42.566033000","2023-01-25 17:20:34.916683000","Bojangles - #1311 Cary, North Carolina (FZ)",1,1309.000000000000,"Order Delivered"
"2023-01-26 22:04:33.203108000","2023-01-26 22:25:23.109270000","2023-01-26 23:03:31.193470000","McDonald's (17721-LAKE PINE)",2,1488.000000000000,"Order Delivered"
"2023-01-27 23:39:25.703859000","2023-01-28 00:00:39.123921000","2023-01-28 00:11:00.207275000","Red Robin (571)",2,3736.000000000000,"Order Delivered"
"2023-01-28 00:12:39.239106000","2023-01-28 00:26:10.442799000","2023-01-28 00:43:33.966240000","Red Robin (571)",1,1769.000000000000,"Order Delivered"
"2023-01-28 00:35:59.121063000","2023-01-28 00:49:54.189924000","2023-01-28 01:16:10.708907000","Wendy's (10583)",4,2519.000000000000,"Order Delivered"
"2023-01-28 00:38:48.030480000","2023-01-28 00:56:15.416187000","2023-01-28 01:06:54.755676000","Hyderabad House Biryani Place (Morrisville)",2,3498.000000000000,"Order Delivered"
"2023-01-28 01:21:51.142638000","2023-01-28 01:47:07.767516000","2023-01-28 02:02:23.179785000","Sushi Iwa (Creekside Landing Dr)",6,6535.000000000000,"Order Delivered"
"2023-01-28 02:05:01.113562000","2023-01-28 02:26:44.916768000","2023-01-28 02:30:34.807926000","Walgreens (7169)",12,5693.000000000000,"Order Delivered"
"2023-01-28 02:06:03.706570000","2023-01-28 02:34:13.642479000","2023-01-28 02:45:46.854265000","Red Bowl Asian Bistro (Cary)",1,1650.000000000000,"Order Delivered"
"2023-02-08 12:26:36.956551000","2023-02-08 12:43:07.164027000","2023-02-08 12:59:54.571873000","McDonald's (17689 - S. RALEIGH STREET)",7,2302.000000000000,"Order Delivered"
"2023-05-05 23:22:41.897830000","2023-05-05 23:48:27.326398000","2023-05-06 00:05:57.654943000","Popeyes (13694)",2,1698.000000000000,"Order Delivered"
"2023-05-06 00:42:45.934248000","2023-05-06 01:04:05.131112000","2023-05-06 01:19:30.140166000","SPROUTS FARMERS MARKET #543",3,1010.000000000000,"Order Delivered"
"2023-05-06 01:20:45.709962000","2023-05-06 01:36:25.864708000","2023-05-06 01:47:18.166568000","Cold Stone Creamery (23332)",2,2420.000000000000,"Order Delivered"
"2023-06-02 22:40:13.748957000","2023-06-02 23:12:42.022331000","2023-06-03 00:04:58.701647000","Crumbl Cookies (Apex-NC)",1,2638.000000000000,"Order Delivered"
"2023-06-03 00:33:08.507485000","2023-06-03 00:43:27.252315000","2023-06-03 00:59:39.192024000","Tropical Smoothie Cafe (NC-022)",3,2715.000000000000,"Order Delivered"
"2023-06-09 16:14:38.081232000","2023-06-09 16:35:54.367604000","2023-06-09 16:54:53.468077000","Jersey Mike's Subs (3098)",4,3050.000000000000,"Order Delivered"
"2023-06-09 16:18:25.635743000","2023-06-09 16:38:25.361483000","2023-06-09 16:45:36.478504000","Jersey Mike's Subs (3098)",2,2505.000000000000,"Order Delivered"
"2023-06-09 16:27:07.275831000","2023-06-09 17:03:44.697210000","2023-06-09 17:11:53.244463000","Mr. Shark Fish & Chicken (3825 S Roxboro St)",4,1406.000000000000,"Order Delivered"
"2023-06-09 17:13:25.429285000","2023-06-09 17:28:56.056096000","2023-06-09 17:45:50.462079000","Bojangles - #1120 Durham, North Carolina (FZ)",1,911.000000000000,"Order Delivered"
"2023-06-12 22:50:27.887466000","2023-06-12 23:21:21.882159000","2023-06-12 23:44:25.047502000","Primo Pizza Ny Style (682 Cary Towne Boulevard)",4,0.000000000000,"Order Delivered"
"2023-06-12 23:30:57.339431000","2023-06-13 00:12:49.589048000","2023-06-13 00:37:46.682548000","Crumbl (Morris Plains) (1105 Market Center Drive)",1,0.000000000000,"Order Delivered"
"2023-06-12 23:43:26.792650000","2023-06-13 00:12:44.727186000","2023-06-13 00:33:45.612137000","Crumbl (Morris Plains) (1105 Market Center Drive)",1,0.000000000000,"Order Delivered"
"2023-06-13 00:42:16.929807000","2023-06-13 01:05:35.440124000","2023-06-13 01:26:43.228435000","Wingstop (1245)",2,3206.000000000000,"Order Delivered"
"2023-06-13 22:01:38.061121000","2023-06-13 22:36:40.578663000","2023-06-13 22:55:56.272454000","Sushi at the Park",4,7935.000000000000,"Order Delivered"
"2023-06-13 22:51:49.524732000","2023-06-13 23:00:30.139907000","2023-06-13 23:17:54.373315000","Mi Cancun (Boulderstone Way)",2,2198.000000000000,"Order Delivered"
"2023-06-13 23:00:10.077627000","2023-06-13 23:28:22.750313000","2023-06-13 23:38:50.482334000","Smallcakes- Cary",4,1550.000000000000,"Order Delivered"
"2023-06-13 23:26:39.239355000","2023-06-13 23:49:22.319302000","2023-06-13 23:59:22.453654000","Lowes Foods (262)",3,885.000000000000,"Order Delivered"
"2023-06-14 21:16:23.308942000","2023-06-14 22:30:41.754161000","2023-06-14 22:35:25.446812000","China Star (Raleigh)",3,3060.000000000000,"Order Delivered"
"2023-06-16 05:17:10.766844000","2023-06-16 15:45:35.951700000","2023-06-16 15:49:56.985610000","Wok'n Grille (Miami Blvd)",1,1595.000000000000,"Order Delivered"
"2023-06-16 15:19:24.590594000","2023-06-16 15:55:43.083366000","2023-06-16 16:04:31.823591000","McDonald's (27133-IMPERIAL CORNERS)",5,1984.000000000000,"Order Delivered"
"2023-06-16 15:45:14.163074000","2023-06-16 16:17:27.299119000","2023-06-16 16:38:36.052799000","Farmside Kitchen (Durham)",1,1541.000000000000,"Order Delivered"
"2023-06-16 16:18:56.615484000","2023-06-16 16:47:19.979927000","2023-06-16 17:09:23.052848000","Brixx Wood Fired Pizza + Craft Bar (Cary-Bradford)",1,1988.000000000000,"Order Delivered"
"2023-06-16 17:22:15.917812000","2023-06-16 17:34:53.762434000","2023-06-16 17:44:58.147367000","Panda Express (1352)",1,1365.000000000000,"Order Delivered"
"2023-06-19 12:15:43.641290000","2023-06-19 12:32:41.332767000","2023-06-19 12:47:12.450469000","Panera MP (601806 - Parkside Main Street - Cary NC)",3,1636.000000000000,"Order Delivered"
"2023-06-19 21:29:43.338449000","2023-06-19 22:54:20.573641000","2023-06-19 23:09:36.098926000","Panera - Corporate (Parkside Main Street)",5,0.000000000000,"Order Delivered"
"2023-06-19 21:51:43.337761000","2023-06-19 22:11:16.591355000","2023-06-19 22:22:37.429697000","Ping Pong (Miami Blvd)",1,1279.000000000000,"Order Delivered"
"2023-06-19 22:16:33.412553000","2023-06-19 22:57:22.095735000","2023-06-19 23:07:35.015832000","dickeys_bbq_1496 (Parkside Main Street)",1,0.000000000000,"Order Delivered"
"2023-06-19 23:37:36.059746000","2023-06-20 00:01:24.989782000","2023-06-20 00:09:42.065002000","Bruster's 0359 (Apex)",2,1758.000000000000,"Order Delivered"
"2023-06-20 00:01:15.290367000","2023-06-20 00:18:55.272407000","2023-06-20 00:28:03.420090000","Sushi Iwa (Creekside Landing Dr)",7,7080.000000000000,"Order Delivered"
"2023-06-20 15:52:46.490955000","2023-06-20 16:25:13.467630000","2023-06-20 16:34:55.995007000","Subway 39636-0",4,1628.000000000000,"Order Delivered"
"2023-06-20 16:16:40.002399000","2023-06-20 16:47:25.366200000","2023-06-20 17:00:20.534939000","ItsAWrap (Chapel Hill Rd)",2,2917.000000000000,"Order Delivered"
"2023-06-20 16:35:07.386670000","2023-06-20 17:06:47.670784000","2023-06-20 17:27:48.032322000","Smoothie King (0501)",1,1290.000000000000,"Order Delivered"
"2023-06-20 17:35:25.498780000","2023-06-20 17:46:46.756427000","2023-06-20 18:05:39.842822000","Jason's Deli - CNC 162",1,1204.000000000000,"Order Delivered"
"2023-06-21 22:02:08.958379000","2023-06-21 22:23:43.229344000","2023-06-21 22:28:48.827678000","Pho and Poke House-",2,2270.000000000000,"Order Delivered"
"2023-06-21 22:21:20.452310000","2023-06-21 22:39:19.155401000","2023-06-21 22:58:10.867352000","Guasaca (2200 W Main St)",3,2355.000000000000,"Order Delivered"
"2023-06-21 22:47:30.705031000","2023-06-21 23:14:43.812148000","2023-06-21 23:23:21.509181000","The Cheesecake Factory (Durham - 0102)",1,1295.000000000000,"Order Delivered"
"2023-06-21 23:44:22.257606000","2023-06-21 23:54:44.049101000","2023-06-22 00:04:44.787865000","Chick-fil-A (01588)",3,1273.000000000000,"Order Delivered"
"2023-06-22 21:47:45.274581000","2023-06-22 22:14:46.482780000","2023-06-22 22:21:46.491622000","Moe's Southwest Grill (5020 Arco Street)",2,0.000000000000,"Order Delivered"
"2023-06-26 13:29:39.714583000","2023-06-26 13:47:56.244538000","2023-06-26 14:02:01.652551000","IHOP (3181)",3,3272.000000000000,"Order Delivered"
"2023-06-26 14:37:33.706356000","2023-06-26 15:45:18.653628000","2023-06-26 16:15:41.620656000","Noodles & Greens (Durham)",1,1395.000000000000,"Order Delivered"
"2023-06-26 15:19:35.293512000","2023-06-26 15:51:59.990498000","2023-06-26 15:57:21.966040000","Panera MP (601645 - Fayetteville Road - Durham NC)",2,1957.000000000000,"Order Delivered"
"2023-06-26 16:05:03.665634000","2023-06-26 16:40:32.362715000","2023-06-26 16:59:07.241229000","Panera - Corporate (South Miami Boulevard)",3,0.000000000000,"Order Delivered"
"2023-06-26 16:19:30.914623000","2023-06-26 16:35:57.821108000","2023-06-26 16:47:56.845099000","Chipotle (RTP Page Rd & Miami)",1,1105.000000000000,"Order Delivered"
"2023-06-26 19:55:07.908645000","2023-06-26 20:57:07.843399000","2023-06-26 21:03:21.332410000","Hooters (1137)",3,3511.000000000000,"Order Delivered"
"2023-06-26 20:47:23.605344000","2023-06-26 21:15:27.009569000","2023-06-26 21:44:43.106666000","ItsAWrap (Chapel Hill Rd)",8,5643.000000000000,"Order Delivered"
"2023-06-28 14:48:09.162156000","2023-06-28 15:03:42.259618000","2023-06-28 15:43:08.748361000","Crumbl Apex (1105 Pine Plaza Drive)",1,0.000000000000,"Order Delivered"
"2023-06-28 14:55:26.016462000","2023-06-28 15:07:29.564276000","2023-06-28 16:00:58.847077000","McAlister's (100958)",3,1997.000000000000,"Order Delivered"
"2023-06-28 16:06:12.798908000","2023-06-28 16:31:47.030568000","2023-06-28 16:56:08.102836000","Moe's Southwest Grill (683)",1,1379.000000000000,"Order Delivered"
"2023-06-28 16:11:46.197635000","2023-06-28 16:35:20.905312000","2023-06-28 16:43:59.341639000","McDonald's (13363-WALNUT ST)",2,1548.000000000000,"Order Delivered"
"2023-06-28 16:57:07.028141000","2023-06-28 17:10:37.533073000","2023-06-28 17:27:53.158488000","Ole Time Barbecue (Hillsborough St)",2,1649.000000000000,"Order Delivered"
"2023-06-28 18:00:01.991916000","2023-06-28 18:53:17.249382000","2023-06-28 19:27:31.159482000","The Cheesecake Factory (Durham - 0102)",7,6885.000000000000,"Order Delivered"
"2023-06-29 22:36:37.250796000","2023-06-30 00:01:24.799583000","2023-06-30 00:20:30.642203000","BJ's Wholesale Club Drive (2370 Walnut Street)",3,0.000000000000,"Order Delivered"
"2023-06-29 22:55:41.960127000","2023-06-29 23:16:00.301072000","2023-06-29 23:41:35.617502000","Hibachi Japan (Wake Forest Rd)",2,1379.000000000000,"Order Delivered"
"2023-06-30 00:14:26.796633000","2023-06-30 00:27:07.863049000","2023-06-30 00:42:27.051160000","Shanghai Express (Raleigh)",2,1728.000000000000,"Order Delivered"
"2023-07-01 18:21:05.659269000","2023-07-01 18:40:18.387165000","2023-07-01 19:00:31.826992000","MediterrAsian Bistro (Durham)",2,1499.000000000000,"Order Delivered"
"2023-07-01 18:58:37.548150000","2023-07-01 19:10:33.286388000","2023-07-01 19:24:41.389527000","Pizza Hut (Tasty Hut) (4081 Davis Drive)",1,0.000000000000,"Order Delivered"
"2023-07-01 19:01:49.971911000","2023-07-01 19:13:08.712981000","2023-07-01 19:39:00.558254000","Pizza Hut (Tasty Hut) (4081 Davis Drive)",1,0.000000000000,"Order Delivered"
"2023-07-01 19:11:57.943642000","2023-07-01 19:32:23.797663000","2023-07-01 19:52:00.010762000","China Wok (Cary)",2,1267.000000000000,"Order Delivered"
"2023-07-01 21:02:36.917068000","2023-07-01 21:31:27.260096000","2023-07-01 21:50:12.704456000","Sushi Iwa (Creekside Landing Dr)",4,6235.000000000000,"Order Delivered"
"2023-07-01 21:21:08.744245000","2023-07-01 21:59:06.511126000","2023-07-01 22:13:46.645660000","Tazikis Holly Springs",4,0.000000000000,"Order Delivered"
"2023-07-01 21:31:13.622747000","2023-07-01 22:31:16.233370000","2023-07-01 22:52:38.050767000","Romeo's Pizza (Apex)",2,1919.000000000000,"Order Delivered"
"2023-07-01 22:37:54.427614000","2023-07-01 23:05:12.582253000","2023-07-01 23:14:11.710265000","Papa John's Pizza (4960)",6,0.000000000000,"Order Delivered"
"2023-07-01 22:56:39.794758000","2023-07-01 23:20:44.118243000","2023-07-01 23:29:43.493345000","Panda Garden Chinese Restaurant (Sunset Lake Rd)",3,2647.000000000000,"Order Delivered"
"2023-07-01 23:22:01.850016000","2023-07-01 23:37:30.660276000","2023-07-01 23:48:25.446982000","Vegan Community Kitchen (E Williams St)",2,1950.000000000000,"Order Delivered"
"2023-07-03 11:37:05.521433000","2023-07-04 15:21:44.815454000","2023-07-04 15:30:38.448950000","Lowes Foods (687 Mills Park Drive)",8,0.000000000000,"Order Delivered"
"2023-07-04 02:00:46.122593000","2023-07-04 02:18:55.797051000","2023-07-04 02:37:18.393777000","It's Just Wings (IJW001.005.1064) (pick up at Chili's)",2,2905.000000000000,"Order Delivered"
"2023-07-04 02:05:27.309499000","2023-07-04 02:21:55.155203000","2023-07-04 02:26:22.302389000","It's Just Wings (IJW001.005.1064) (pick up at Chili's)",2,2310.000000000000,"Order Delivered"
"2023-07-04 02:35:07.679746000","2023-07-04 02:56:15.494502000","2023-07-04 03:07:34.584356000","Papa John's Pizza (1438)",2,0.000000000000,"Order Delivered"
"2023-07-04 02:35:17.573328000","2023-07-04 02:56:30.071186000","2023-07-04 03:15:37.624008000","Papa John's Pizza (1438)",3,0.000000000000,"Order Delivered"
"2023-07-04 15:50:37.451812000","2023-07-04 16:25:14.272655000","2023-07-04 16:36:47.522167000","Chutneys",2,2198.000000000000,"Order Delivered"
"2023-07-04 15:55:22.587580000","2023-07-04 16:25:21.220899000","2023-07-04 16:45:51.139367000","Chutneys",2,3198.000000000000,"Order Delivered"
"2023-07-04 16:40:34.999171000","2023-07-04 17:19:46.176168000","2023-07-04 17:28:26.764672000","Potbelly (554 - Cary)",4,4786.000000000000,"Order Delivered"
"2023-07-04 17:59:19.475998000","2023-07-04 18:24:28.569540000","2023-07-04 18:36:38.091870000","Five Guys NC-1710",3,2629.000000000000,"Order Delivered"
"2023-07-04 18:51:46.863203000","2023-07-04 19:03:37.491758000","2023-07-04 19:22:51.311137000","Jersey Mike's Subs (3080)",2,2433.000000000000,"Order Delivered"
"2023-07-04 18:56:12.074043000","2023-07-04 19:14:47.293549000","2023-07-04 19:22:26.077176000","Walgreens (7365)",1,100.000000000000,"Order Delivered"
"2023-07-05 16:22:55.337482000","2023-07-05 17:26:30.276904000","2023-07-05 17:40:03.831162000","Sal’s NY Pizza (50010 Governors Drive)",2,0.000000000000,"Order Delivered"
"2023-07-05 17:17:10.690622000","2023-07-05 18:29:39.791949000","2023-07-05 18:41:37.232025000","Panera - Corporate (Fayetteville Road)",4,0.000000000000,"Order Delivered"
"2023-07-05 18:09:59.919248000","2023-07-05 18:29:45.652791000","2023-07-05 18:41:32.508567000","Panera - Corporate (Fayetteville Road)",2,0.000000000000,"Order Delivered"
"2023-07-05 18:41:24.879783000","2023-07-05 19:07:56.076470000","2023-07-05 19:39:22.854912000","Papa John's Pizza (1628)",6,0.000000000000,"Order Delivered"
"2023-07-05 18:49:34.637887000","2023-07-05 19:07:50.737855000","2023-07-05 19:17:23.075914000","Papa John's Pizza (1628)",2,0.000000000000,"Order Delivered"
"2023-07-06 21:29:53.352377000","2023-07-06 21:48:14.860627000","2023-07-06 21:58:58.873359000","McDonald's (10829-HIGHWAY 70 W)",3,2237.000000000000,"Order Delivered"
"2023-07-07 01:38:23.551756000","2023-07-07 01:50:02.738888000","2023-07-07 01:56:49.773180000","Lowes Alcohol - 169a",1,1264.000000000000,"Order Delivered"
"2023-07-07 02:16:52.709301000","2023-07-07 02:30:20.978437000","2023-07-07 02:36:13.748792000","McDonald's (17721-LAKE PINE)",2,1018.000000000000,"Order Delivered"
"2023-07-07 21:54:17.469126000","2023-07-07 22:14:02.685756000","2023-07-07 22:22:14.677023000","Glory Days Grill (Apex)",2,2360.000000000000,"Order Delivered"
"2023-07-07 22:19:44.270757000","2023-07-07 22:34:25.173114000","2023-07-07 22:41:58.953223000","Panda Express (1352)",1,990.000000000000,"Order Delivered"
"2023-07-07 22:41:06.316865000","2023-07-07 22:50:50.028556000","2023-07-07 23:18:30.321767000","Papa John's Pizza (1438)",2,0.000000000000,"Order Delivered"
"2023-07-07 22:45:22.555701000","2023-07-07 22:58:52.326635000","2023-07-07 23:11:52.386941000","Papa John's Pizza (1438)",3,0.000000000000,"Order Delivered"
"2023-07-07 23:35:54.734693000","2023-07-08 00:07:31.460106000","2023-07-08 00:41:59.717144000","Bojangles - #491 Apex, North Carolina (FZ)",1,1182.000000000000,"Order Delivered"
"2023-07-08 00:46:29.886776000","2023-07-08 01:02:22.720157000","2023-07-08 01:08:34.205293000","Bojangles - #491 Apex, North Carolina (FZ)",3,2445.000000000000,"Order Delivered"
"2023-07-08 22:59:03.539822000","2023-07-08 23:21:22.516423000","2023-07-08 23:46:03.903920000","Dollar General (16915)",1,600.000000000000,"Order Delivered"
"2023-07-10 22:08:13.292955000","2023-07-10 22:18:42.650180000","2023-07-10 22:22:21.888018000","Hibachi88 ( Cary )",1,1446.000000000000,"Order Delivered"
"2023-07-10 22:17:15.828080000","2023-07-10 22:38:05.652011000","2023-07-10 23:50:38.405954000","Cinnaholic (Parkside Main St)",3,2063.000000000000,"Order Delivered"
"2023-07-10 23:55:41.698262000","2023-07-11 00:09:35.493399000","2023-07-11 00:24:27.885496000","Marco's Pizza (8240)",1,1500.000000000000,"Order Delivered"
"2023-07-11 00:05:06.039374000","2023-07-11 00:16:00.299846000","2023-07-11 00:29:58.622071000","CVS (2710)",3,2027.000000000000,"Order Delivered"
"2023-07-11 00:21:12.899385000","2023-07-11 00:58:27.937374000","2023-07-11 01:08:10.108559000","MOD Pizza (Amberly Place - 576)",3,3567.000000000000,"Order Delivered"
"2023-07-11 00:54:27.215749000","2023-07-11 01:17:41.130307000","2023-07-11 01:34:55.878491000","Burger King (11244)",3,2737.000000000000,"Order Delivered"
"2023-07-11 21:27:49.967604000","2023-07-11 21:49:50.798168000","2023-07-11 22:19:20.513262000","Noodles & Company (Crossroads Boulevard)",5,0.000000000000,"Order Delivered"
"2023-07-14 21:26:43.742971000","2023-07-14 22:02:29.683370000","2023-07-14 22:10:39.081182000","Papa John's Pizza (1438)",2,0.000000000000,"Order Delivered"
"2023-07-14 21:28:01.631066000","2023-07-14 22:02:24.237170000","2023-07-14 22:03:54.038494000","Papa John's Pizza (1438)",2,0.000000000000,"Order Delivered"
"2023-07-17 21:33:12.333264000","2023-07-17 21:51:06.100101000","2023-07-17 21:56:17.043368000","Papa John's Pizza (1438)",1,0.000000000000,"Order Delivered"
"2023-07-17 21:57:46.329143000","2023-07-17 22:10:59.275480000","2023-07-17 22:26:01.457301000","Dunkin' (342104)",1,1061.000000000000,"Order Delivered"
"2023-07-17 22:21:33.119840000","2023-07-17 22:30:07.753472000","2023-07-17 22:48:37.941801000","Custom Confections (CHEESECAKES)",2,1790.000000000000,"Order Delivered"
"2023-07-17 22:26:11.442493000","2023-07-17 22:42:29.602847000","2023-07-17 22:48:50.006570000","Wendy's (2431)",1,1036.000000000000,"Order Delivered"
"2023-07-18 19:20:19.741892000","2023-07-18 21:07:50.968105000","2023-07-18 21:18:40.488216000","JJ China Restaurant (Morrisville)",4,1374.000000000000,"Order Delivered"
"2023-07-18 21:05:04.030811000","2023-07-18 22:00:53.353040000","2023-07-18 22:01:32.848401000","Lacucina italiana(Halal Food)",2,1924.000000000000,"Order Delivered"
"2023-07-18 22:06:30.347084000","2023-07-18 22:17:20.465626000","2023-07-18 22:25:14.809576000","Dairy Queen (10398)",2,1797.000000000000,"Order Delivered"
"2023-07-18 22:22:54.765816000","2023-07-18 22:49:28.827844000","2023-07-18 23:01:16.890767000","Chick-fil-A (00833)",1,1302.000000000000,"Order Delivered"
"2023-07-18 22:25:49.031850000","2023-07-18 22:38:51.045668000","2023-07-18 23:00:51.918748000","Walgreens (9757)",1,829.000000000000,"Order Delivered"
"2023-07-20 14:57:09.314542000","2023-07-20 15:14:49.113268000","2023-07-20 15:28:36.958064000","IHOP (3181)",3,1185.000000000000,"Order Delivered"
"2023-07-20 15:22:13.312890000","2023-07-20 15:39:44.242495000","2023-07-20 15:48:03.168671000","Tropical Smoothie Cafe (Sembler Lane)",1,0.000000000000,"Order Delivered"
"2023-07-20 15:34:08.500963000","2023-07-20 16:06:25.957851000","2023-07-20 16:33:47.724251000","Honest Indian Vegetarian (Davis Dr)",5,1495.000000000000,"Order Delivered"
"2023-07-20 16:21:22.872956000","2023-07-20 17:05:34.028875000","2023-07-20 17:19:23.700593000","Jamaica Jamaica",1,1300.000000000000,"Order Delivered"
"2023-07-20 16:25:22.136069000","2023-07-20 16:47:09.709348000","2023-07-20 16:56:17.891379000","McDonald's (5625-APEX HWY)",2,2019.000000000000,"Order Delivered"
"2023-07-20 17:24:25.192942000","2023-07-20 17:50:30.671287000","2023-07-20 18:15:53.667982000","Tijuana Flats (O'Kelly Chapel Road)",2,0.000000000000,"Order Delivered"
"2023-07-20 17:29:22.199515000","2023-07-20 18:30:56.269496000","2023-07-20 18:46:25.376790000","Carolina Ale House (Brier Creek) (BAH)",1,1129.000000000000,"Order Delivered"
"2023-07-20 20:19:47.940298000","2023-07-20 21:02:57.792432000","2023-07-20 21:23:49.692381000","QDOBA (2215) (F)",1,1235.000000000000,"Order Delivered"
"2023-07-20 20:55:19.246930000","2023-07-20 21:04:36.317291000","2023-07-20 21:30:53.108868000","Panera - Corporate (Beaver Creek Commons Drive)",4,0.000000000000,"Order Delivered"
"2023-07-20 21:15:12.053963000","2023-07-20 21:42:30.849187000","2023-07-20 22:09:40.819866000","Chipotle (Apex)",3,2130.000000000000,"Order Delivered"
"2023-07-20 22:04:09.916675000","2023-07-20 22:23:12.553306000","2023-07-20 22:48:19.262565000","Biryani Xprx Express (E Chatham St)",1,1599.000000000000,"Order Delivered"
"2023-07-20 22:04:26.503568000","2023-07-20 22:25:16.132366000","2023-07-20 22:33:52.578621000","Esmeralda Grill (Chatham St)-",3,1823.000000000000,"Order Delivered"
"2023-07-20 22:48:31.592152000","2023-07-20 23:03:25.421350000","2023-07-20 23:21:37.046986000","Sonic (5864)",10,3121.000000000000,"Order Delivered"
"2023-07-20 23:22:22.516731000","2023-07-20 23:32:19.557269000","2023-07-20 23:44:24.038447000","McDonald's (5028-E. SOUTH STREET)",2,1368.000000000000,"Order Delivered"
"2023-07-20 23:29:32.977794000","2023-07-20 23:49:31.288895000","2023-07-21 00:00:13.558310000","Lam's Garden (Raleigh)",3,1525.000000000000,"Order Delivered"
"2023-07-20 23:50:57.810331000","2023-07-21 00:08:35.047996000","2023-07-21 00:26:03.804763000","American Deli (Raleigh)",1,1759.000000000000,"Order Delivered"
"2023-07-21 00:24:18.988008000","2023-07-21 00:40:02.647783000","2023-07-21 00:54:16.231226000","The Poké Republic",3,3969.000000000000,"Order Delivered"
"2023-07-21 00:44:34.163718000","2023-07-21 01:04:29.127341000","2023-07-21 01:22:32.575052000","Chick-fil-A (00699)",3,1855.000000000000,"Order Delivered"
"2023-07-21 01:23:40.107399000","2023-07-21 01:41:26.737890000","2023-07-21 01:52:35.058422000","Crumbl Apex (1105 Pine Plaza Drive)",1,0.000000000000,"Order Delivered"
"2023-07-24 00:09:17.809350000","2023-07-24 00:21:15.157135000","2023-07-24 00:35:07.637060000","McDonald's (26919-LEESVILLE RD.)",2,1088.000000000000,"Order Delivered"
"2023-07-24 00:39:20.229693000","2023-07-24 00:52:23.518899000","2023-07-24 00:58:55.770654000","Handy Kitchen (Leesville Rd)",4,2055.000000000000,"Order Delivered"
"2023-07-24 01:03:43.036345000","2023-07-24 01:14:41.769560000","2023-07-24 01:24:58.493794000","Handy Kitchen (Leesville Rd)",2,2980.000000000000,"Order Delivered"
"2023-07-24 01:30:34.778048000","2023-07-24 02:01:16.919175000","2023-07-24 02:18:51.789498000"," The Wild Cook's Indian Grill (Raleigh)",2,2100.000000000000,"Order Delivered"
"2023-07-24 22:22:04.601372000","2023-07-24 22:38:05.670659000","2023-07-24 22:49:57.311284000","Pizza Hut (039535) Marketplace - Tasty Hut of NC, LLC",3,4447.000000000000,"Order Delivered"
"2023-07-24 23:14:19.993304000","2023-07-24 23:29:33.703712000","2023-07-24 23:41:10.335816000","Arby's (6768)",2,1608.000000000000,"Order Delivered"
"2023-07-24 23:17:21.245954000","2023-07-24 23:30:15.552291000","2023-07-24 23:45:32.953046000","Arby's (6768)",1,1289.000000000000,"Order Delivered"
"2023-07-24 23:47:53.532996000","2023-07-24 23:59:05.353843000","2023-07-25 00:05:57.437841000","It's Just Wings (IJW001.005.1064) (pick up at Chili's)",1,1700.000000000000,"Order Delivered"
"2023-07-25 00:22:00.010488000","2023-07-25 00:45:56.795882000","2023-07-25 00:51:16.532114000","mezeh mediterranean grill (twin lakes)",1,1336.000000000000,"Order Delivered"
"2023-07-25 00:50:42.403613000","2023-07-25 01:04:05.705694000","2023-07-25 01:24:19.060661000","Brixx Wood Fired Pizza + Craft Bar (Cary-Bradford)",3,3915.000000000000,"Order Delivered"
"2023-07-26 17:31:31.552194000","2023-07-26 19:43:13.138319000","2023-07-26 20:06:43.660511000","Walgreens Pharmacy (7317)",1,0.000000000000,"Order Delivered"
"2023-07-26 18:00:04.991452000","2023-07-26 18:16:42.800061000","2023-07-26 18:35:06.073612000","McAlister's (100958)",1,1318.000000000000,"Order Delivered"
"2023-07-26 20:03:40.923174000","2023-07-26 20:21:50.293900000","2023-07-26 20:41:35.537367000","Chick-fil-A (00724)",1,1105.000000000000,"Order Delivered"
"2023-07-26 20:48:11.815130000","2023-07-26 21:00:38.521772000","2023-07-26 21:14:22.595255000","Smoothie King (1381)",3,3170.000000000000,"Order Delivered"
"2023-07-26 20:51:57.182202000","2023-07-26 21:04:28.646771000","2023-07-26 21:18:36.514841000","Five Guys NC-1710",3,2266.000000000000,"Order Delivered"
"2023-07-26 21:12:36.828306000","2023-07-26 21:29:54.994005000","2023-07-26 21:49:54.429867000","Bul Box (Morrisville)",2,3228.000000000000,"Order Delivered"
"2023-07-28 12:39:12.500026000","2023-07-28 12:59:11.988170000","2023-07-28 13:12:41.695607000","Chick-fil-A (01588)",1,0.000000000000,"Order Delivered"
"2023-07-28 16:04:07.639290000","2023-07-28 16:24:59.056204000","2023-07-28 16:37:54.776951000","Rudy's Pub & Grill (Apex)",1,1525.000000000000,"Order Delivered"
"2023-07-28 16:49:19.558224000","2023-07-28 17:04:04.470447000","2023-07-28 17:35:51.005578000","Chicken Salad Chick (0172 - Cary)",3,2926.000000000000,"Order Delivered"
"2023-07-28 16:49:47.638910000","2023-07-28 17:03:57.930602000","2023-07-28 17:08:15.482621000","Chicken Salad Chick (0172 - Cary)",1,1179.000000000000,"Order Delivered"
"2023-07-28 17:33:01.757722000","2023-07-28 17:45:23.387755000","2023-07-28 18:01:27.401069000","McDonald's (39539 - APEX RELO-E WILLIAMS AND JAMES)",4,1916.000000000000,"Order Delivered"
"2023-07-28 21:36:12.117543000","2023-07-28 21:50:58.302489000","2023-07-28 22:02:37.640008000","Walgreens Pharmacy (7505)",1,0.000000000000,"Order Delivered"
"2023-07-28 22:03:41.814431000","2023-07-28 22:28:08.635409000","2023-07-28 22:35:03.799510000","Jersey Mike's Subs (3099)",4,6326.000000000000,"Order Delivered"
"2023-07-28 22:37:40.021372000","2023-07-28 22:52:21.903766000","2023-07-28 23:06:01.063435000","Dohertys Irish Pub & Restaurant - Apex",2,4200.000000000000,"Order Delivered"
"2023-07-28 22:51:55.855539000","2023-07-28 23:14:55.090666000","2023-07-28 23:24:12.370004000","Baan Thai (Apex)",5,6370.000000000000,"Order Delivered"
"2023-07-28 23:16:12.764992000","2023-07-28 23:43:09.766016000","2023-07-28 23:56:33.276932000","Vibah LLC (780 West Williams Street)",6,0.000000000000,"Order Delivered"
"2023-07-28 23:36:38.679312000","2023-07-29 00:07:38.052817000","2023-07-29 00:20:51.438966000","Chick-fil-A (01749)",2,2406.000000000000,"Order Delivered"
"2023-07-28 23:40:58.120643000","2023-07-28 23:45:03.099754000","2023-07-28 23:51:34.291336000","Wendy's (9396)",2,1610.000000000000,"Order Delivered"
